t,mid,inventory,cash,pnl
0.0,100.015,0.0,0.0,0.0
1.0,99.995,0.6311201217199891,-63.09938976956451,0.009466801825801952
2.0,99.995,0.6311201217199891,-63.09938976956451,0.009466801825801952
3.0,99.995,0.6311201217199891,-63.09938976956451,0.009466801825801952
4.0,99.995,0.6311201217199891,-63.09938976956451,0.009466801825801952
5.0,99.995,0.6311201217199891,-63.09938976956451,0.009466801825801952
6.0,99.99000000000001,0.6311201217199891,-63.09938976956451,0.006311201217208406
7.0,99.995,0.6311201217199891,-63.09938976956451,0.009466801825801952
8.0,99.995,0.6311201217199891,-63.09938976956451,0.009466801825801952
9.0,99.995,0.6311201217199891,-63.09938976956451,0.009466801825801952
10.0,99.995,0.6311201217199891,-63.09938976956451,0.009466801825801952
11.0,99.995,0.6311201217199891,-63.09938976956451,0.009466801825801952
12.0,99.99000000000001,0.6311201217199891,-63.09938976956451,0.006311201217208406
13.0,99.99000000000001,0.6311201217199891,-63.09938976956451,0.006311201217208406
14.0,99.99000000000001,-0.17335116967014153,17.347739369448547,0.014355914131094494
15.0,99.99000000000001,-0.17335116967014153,17.347739369448547,0.014355914131094494
16.0,100.005,-0.17335116967014153,17.347739369448547,0.011755646586045998
17.0,100.025,-0.4712513747566658,47.1526548883553,0.015736128319801423
18.0,100.025,-0.4712513747566658,47.1526548883553,0.015736128319801423
19.0,100.06,-0.634583770681793,63.56426115690876,0.067809062488557
20.0,100.035,0.36541622931820705,-36.45573884309123,0.09867365675560791
21.0,100.035,0.36541622931820705,-36.45573884309123,0.09867365675560791
22.0,100.035,0.36541622931820705,-36.45573884309123,0.09867365675560791
23.0,100.035,0.36541622931820705,-36.45573884309123,0.09867365675560791
24.0,100.03999999999999,0.36541622931820705,-36.45573884309123,0.10050073790219471
25.0,100.05,-0.4030367567968062,40.443351477438135,0.11952395991767872
26.0,100.04499999999999,-0.4030367567968062,40.443351477438135,0.12153914370166774
27.0,100.055,-0.4030367567968062,40.443351477438135,0.11750877613368971
28.0,100.03999999999999,-0.013255289119556646,1.453511265682863,0.1274521421624164
29.0,100.015,0.6983508557755571,-69.70710322382851,0.1384576165638265
30.0,100.03999999999999,-0.3016491442244429,30.332896776171495,0.15591638795823215
31.0,100.025,0.6983508557755571,-69.67710322382851,0.17544112512159415
32.0,100.015,0.6983508557755571,-69.67710322382851,0.16845761656382763
33.0,100.015,0.6983508557755571,-69.67710322382851,0.16845761656382763
34.0,100.035,-0.18992059818349005,19.18557303023458,0.18686599094915124
35.0,100.025,0.3779570008716725,-37.56761708320609,0.2375319289829534
36.0,100.03,0.11347210366923044,-11.06755214257143,0.2830623874616922
37.0,100.035,1.1134721036692303,-111.05755214257142,0.3286297479800311
38.0,100.065,0.11347210366923033,-11.007552142571427,0.3470339110901062
39.0,100.065,0.11347210366923033,-11.007552142571427,0.3470339110901062
40.0,100.025,0.4058324003234445,-40.249429013925926,0.343956828426613
41.0,100.03999999999999,0.4058324003234445,-40.249429013925926,0.35004431443145734
42.0,100.03999999999999,0.4058324003234445,-40.249429013925926,0.35004431443145734
43.0,100.005,0.4058324003234445,-40.249429013925926,0.33584018042013497
44.0,100.03999999999999,-0.033276383525096986,3.674622634443679,0.3456532265929768
45.0,99.995,-0.033276383525096986,3.674622634443679,0.34715066385160576
46.0,99.995,-0.033276383525096986,3.674622634443679,0.34715066385160576
47.0,99.99000000000001,-0.033276383525096986,3.674622634443679,0.3473170457692314
48.0,99.975,-0.033276383525096986,3.674622634443679,0.3478161915221083
49.0,99.975,-0.033276383525096986,3.674622634443679,0.3478161915221083
50.0,99.975,-0.033276383525096986,3.674622634443679,0.3478161915221083
51.0,99.97,-0.033276383525096986,3.674622634443679,0.3479825734397335
52.0,99.97,-0.033276383525096986,3.674622634443679,0.3479825734397335
53.0,99.97,-0.033276383525096986,3.674622634443679,0.3479825734397335
54.0,99.97,-0.033276383525096986,3.674622634443679,0.3479825734397335
55.0,99.97,-0.033276383525096986,3.674622634443679,0.3479825734397335
56.0,99.97,-0.033276383525096986,3.674622634443679,0.3479825734397335
57.0,99.97,-0.033276383525096986,3.674622634443679,0.3479825734397335
58.0,99.97,-0.033276383525096986,3.674622634443679,0.3479825734397335
59.0,99.97,-0.033276383525096986,3.674622634443679,0.3479825734397335
60.0,99.97,-0.033276383525096986,3.674622634443679,0.3479825734397335
61.0,99.97,-0.033276383525096986,3.674622634443679,0.3479825734397335
62.0,99.97,-0.033276383525096986,3.674622634443679,0.3479825734397335
63.0,99.965,-0.033276383525096986,3.674622634443679,0.3481489553573587
64.0,99.965,-0.033276383525096986,3.674622634443679,0.3481489553573587
65.0,99.97,-0.033276383525096986,3.674622634443679,0.3479825734397335
66.0,99.965,-0.033276383525096986,3.674622634443679,0.3481489553573587
67.0,99.965,-0.033276383525096986,3.674622634443679,0.3481489553573587
68.0,99.965,-0.033276383525096986,3.674622634443679,0.3481489553573587
69.0,99.96000000000001,-0.033276383525096986,3.674622634443679,0.3483153372749843
70.0,99.96000000000001,-0.033276383525096986,3.674622634443679,0.3483153372749843
71.0,99.955,-0.033276383525096986,3.674622634443679,0.34848171919260995
72.0,99.945,-0.033276383525096986,3.674622634443679,0.3488144830278612
73.0,99.945,-0.033276383525096986,3.674622634443679,0.3488144830278612
74.0,99.945,-0.033276383525096986,3.674622634443679,0.3488144830278612
75.0,99.945,-0.033276383525096986,3.674622634443679,0.3488144830278612
76.0,99.94,-0.033276383525096986,3.674622634443679,0.3489808649454864
77.0,99.94,-0.033276383525096986,3.674622634443679,0.3489808649454864
78.0,99.94,-0.033276383525096986,3.674622634443679,0.3489808649454864
79.0,99.94999999999999,-0.033276383525096986,3.674622634443679,0.3486481011102356
80.0,99.94999999999999,-0.033276383525096986,3.674622634443679,0.3486481011102356
81.0,99.94999999999999,-0.033276383525096986,3.674622634443679,0.3486481011102356
82.0,99.96000000000001,-0.033276383525096986,3.674622634443679,0.3483153372749843
83.0,99.975,-0.033276383525096986,3.674622634443679,0.3478161915221083
84.0,99.95500000000001,0.5989183483279577,-59.5069188669506,0.3579646401704153
85.0,99.95500000000001,0.5989183483279577,-59.5069188669506,0.3579646401704153
86.0,99.945,0.5989183483279577,-59.5069188669506,0.3519754566871214
87.0,99.955,0.17143993222618847,-16.771901609256737,0.3643768164119301
88.0,99.955,0.17143993222618847,-16.771901609256737,0.3643768164119301
89.0,99.955,0.17143993222618847,-16.771901609256737,0.3643768164119301
90.0,99.975,-0.6525357147005285,65.6174233269457,0.3801652497603669
91.0,99.975,-0.6525357147005285,65.6174233269457,0.3801652497603669
92.0,99.985,-0.6525357147005285,65.6174233269457,0.3736398926133546
93.0,99.985,-0.6525357147005285,65.6174233269457,0.3736398926133546
94.0,99.97999999999999,-0.6525357147005285,65.6174233269457,0.37690257118686077
95.0,99.97999999999999,-0.6525357147005285,65.6174233269457,0.37690257118686077
96.0,99.97,-0.6399007868834594,64.3543095930733,0.38342792833385886
97.0,99.975,-0.6399007868834594,64.3543095930733,0.3802284243994478
98.0,99.985,-0.6399007868834594,64.3543095930733,0.3738294165306044
99.0,99.985,0.3600992131165406,-35.6156904069267,0.388829416530605
100.0,99.985,0.3600992131165406,-35.6156904069267,0.388829416530605
101.0,99.995,0.3600992131165406,-35.6156904069267,0.3924304086617738
102.0,99.995,0.3600992131165406,-35.6156904069267,0.3924304086617738
103.0,99.97999999999999,0.3600992131165406,-35.6156904069267,0.3870289204650206
104.0,99.985,0.3600992131165406,-35.6156904069267,0.388829416530605
105.0,99.985,0.3600992131165406,-35.6156904069267,0.388829416530605
106.0,99.965,0.3600992131165406,-35.6156904069267,0.38162743226827445
107.0,99.965,0.3600992131165406,-35.6156904069267,0.38162743226827445
108.0,99.965,0.3600992131165406,-35.6156904069267,0.38162743226827445
109.0,99.985,0.3567616797534995,-35.281970445956226,0.3888461041974196
110.0,99.985,0.3567616797534995,-35.281970445956226,0.3888461041974196
111.0,99.97,0.3567616797534995,-35.281970445956226,0.38349467900111733
112.0,99.97,0.3567616797534995,-35.281970445956226,0.38349467900111733
113.0,99.97,0.3567616797534995,-35.281970445956226,0.38349467900111733
114.0,100.0,-0.6432383202465005,64.71802955404377,0.3941975293937219
115.0,100.0,-0.6432383202465005,64.71802955404377,0.3941975293937219
116.0,100.0,-0.6432383202465005,64.71802955404377,0.3941975293937219
117.0,100.0,-0.6432383202465005,64.71802955404377,0.3941975293937219
118.0,100.0,-0.6432383202465005,64.71802955404377,0.3941975293937219
119.0,100.005,0.3567616797534995,-35.27197044595623,0.4059813377924897
120.0,99.995,0.3567616797534995,-35.27197044595623,0.4024137209949572
121.0,99.995,0.3567616797534995,-35.27197044595623,0.4024137209949572
122.0,99.99000000000001,0.3567616797534995,-35.27197044595623,0.4006299125961874
123.0,99.99000000000001,0.3567616797534995,-35.27197044595623,0.4006299125961874
124.0,99.99000000000001,0.3567616797534995,-35.27197044595623,0.4006299125961874
125.0,99.995,0.3567616797534995,-35.27197044595623,0.4024137209949572
126.0,99.995,0.3567616797534995,-35.27197044595623,0.4024137209949572
127.0,99.995,0.3567616797534995,-35.27197044595623,0.4024137209949572
128.0,99.995,0.3567616797534995,-35.27197044595623,0.4024137209949572
129.0,100.015,0.3567616797534995,-35.27197044595623,0.40954895459002216
130.0,100.015,0.3567616797534995,-35.27197044595623,0.40954895459002216
131.0,100.015,0.3567616797534995,-35.27197044595623,0.40954895459002216
132.0,100.005,0.3567616797534995,-35.27197044595623,0.4059813377924897
133.0,100.005,0.3567616797534995,-35.27197044595623,0.4059813377924897
134.0,100.005,0.3567616797534995,-35.27197044595623,0.4059813377924897
135.0,100.005,0.3567616797534995,-35.27197044595623,0.4059813377924897
136.0,99.995,0.3567616797534995,-35.27197044595623,0.4024137209949572
137.0,99.995,0.3567616797534995,-35.27197044595623,0.4024137209949572
138.0,100.0,0.3567616797534995,-35.27197044595623,0.4041975293937199
139.0,100.0,0.3567616797534995,-35.27197044595623,0.4041975293937199
140.0,100.0,0.3567616797534995,-35.27197044595623,0.4041975293937199
141.0,100.0,0.3567616797534995,-35.27197044595623,0.4041975293937199
142.0,99.995,0.3567616797534995,-35.27197044595623,0.4024137209949572
143.0,100.005,0.3567616797534995,-35.27197044595623,0.4059813377924897
144.0,100.005,0.3567616797534995,-35.27197044595623,0.4059813377924897
145.0,100.005,0.3567616797534995,-35.27197044595623,0.4059813377924897
146.0,100.005,0.3567616797534995,-35.27197044595623,0.4059813377924897
147.0,100.005,0.3567616797534995,-35.27197044595623,0.4059813377924897
148.0,100.015,0.3567616797534995,-35.27197044595623,0.40954895459002216
149.0,99.995,0.3567616797534995,-35.27197044595623,0.4024137209949572
150.0,99.995,0.3567616797534995,-35.27197044595623,0.4024137209949572
151.0,99.995,0.3567616797534995,-35.27197044595623,0.4024137209949572
152.0,99.995,0.3567616797534995,-35.27197044595623,0.4024137209949572
153.0,99.995,0.3567616797534995,-35.27197044595623,0.4024137209949572
154.0,99.995,0.3567616797534995,-35.27197044595623,0.4024137209949572
155.0,99.995,0.3567616797534995,-35.27197044595623,0.4024137209949572
156.0,99.99,0.3567616797534995,-35.27197044595623,0.4006299125961803
157.0,99.965,0.3567616797534995,-35.27197044595623,0.39171087060234555
158.0,99.965,0.3567616797534995,-35.27197044595623,0.39171087060234555
159.0,99.965,0.3567616797534995,-35.27197044595623,0.39171087060234555
160.0,99.965,0.3567616797534995,-35.27197044595623,0.39171087060234555
161.0,99.97,-0.22017100136416656,22.415528338999195,0.4050333326234643
162.0,99.97,-0.22017100136416656,22.415528338999195,0.4050333326234643
163.0,99.99,-0.22017100136416656,22.415528338999195,0.4006299125961803
164.0,99.975,0.6528612387409413,-64.85277438190738,0.41702796121822416
165.0,99.975,0.6528612387409413,-64.85277438190738,0.41702796121822416
166.0,99.975,0.6528612387409413,-64.85277438190738,0.41702796121822416
167.0,99.995,-0.34713876125905874,35.14722561809262,0.4350851859930387
168.0,99.995,-0.34713876125905874,35.14722561809262,0.4350851859930387
169.0,100.0,-0.34713876125905874,35.14722561809262,0.4333494921867427
170.0,99.985,-0.34713876125905874,35.14722561809262,0.4385565736056307
171.0,99.97,0.6528612387409413,-64.81277438190736,0.453763655024531
172.0,99.99000000000001,-0.3049593315398147,30.95970444046543,0.46682087979935716
173.0,100.005,-0.3049593315398147,30.95970444046543,0.4622464898262635
174.0,99.99000000000001,-0.3049593315398147,30.95970444046543,0.46682087979935716
175.0,99.99000000000001,-0.3049593315398147,30.95970444046543,0.46682087979935716
176.0,100.005,-0.3049593315398147,30.95970444046543,0.4622464898262635
177.0,100.005,-0.3049593315398147,30.95970444046543,0.4622464898262635
178.0,100.005,-0.3049593315398147,30.95970444046543,0.4622464898262635
179.0,99.995,-0.3049593315398147,30.95970444046543,0.46529608314165927
180.0,99.995,-0.3049593315398147,30.95970444046543,0.46529608314165927
181.0,99.995,-0.3049593315398147,30.95970444046543,0.46529608314165927
182.0,99.995,-0.3049593315398147,30.95970444046543,0.46529608314165927
183.0,99.985,0.6950406684601853,-69.01029555953457,0.4833456764570627
184.0,99.985,0.6950406684601853,-69.01029555953457,0.4833456764570627
185.0,99.985,0.6950406684601853,-69.01029555953457,0.4833456764570627
186.0,99.975,0.1650258048530322,-16.003509050183183,0.49494578999870953
187.0,99.955,-0.22894565069791106,23.397576219466657,0.5133137039569569
188.0,100.0,-0.22894565069791106,23.397576219466657,0.5030111496755509
189.0,100.0,-0.22894565069791106,23.397576219466657,0.5030111496755509
190.0,99.97999999999999,-0.22894565069791106,23.397576219466657,0.5075900626895127
191.0,99.965,-0.22894565069791106,23.397576219466657,0.5110242474499778
192.0,99.975,-0.22894565069791106,23.397576219466657,0.5087347909429987
193.0,100.0,-0.36360586770258274,36.866291124273914,0.5057043540156414
194.0,100.0,-0.36360586770258274,36.866291124273914,0.5057043540156414
195.0,100.0,-0.36360586770258274,36.866291124273914,0.5057043540156414
196.0,99.975,0.6363941322974173,-63.103708875726085,0.5197945007082012
197.0,99.97999999999999,-0.006500355717649398,1.185739925780581,0.5358343611299943
198.0,99.945,0.726768601445393,-72.09715965309388,0.5397282183659229
199.0,99.985,-0.273231398554607,27.86284034690611,0.5437989624237325
200.0,99.95,0.5911255136652075,-58.52963302946435,0.5533620613731429
201.0,99.94,0.5911255136652075,-58.52963302946435,0.5474508062364833
202.0,99.94,0.5911255136652075,-58.52963302946435,0.5474508062364833
203.0,99.945,0.5911255136652075,-58.52963302946435,0.5504064338048096
204.0,99.945,0.5911255136652075,-58.52963302946435,0.5504064338048096
205.0,99.945,0.5911255136652075,-58.52963302946435,0.5504064338048096
206.0,99.945,0.5911255136652075,-58.52963302946435,0.5504064338048096
207.0,99.945,0.5911255136652075,-58.52963302946435,0.5504064338048096
208.0,99.95500000000001,-0.1668737786544524,17.23997623080885,0.5601076854030573
209.0,99.97,-0.1668737786544524,17.23997623080885,0.5576045787232431
210.0,99.945,0.8331262213455476,-82.70002376919115,0.5667764231895944
211.0,99.95500000000001,-0.1668737786544524,17.259976230808846,0.5801076854030534
212.0,99.96000000000001,-0.1668737786544524,17.259976230808846,0.5792733165097808
213.0,99.99000000000001,-0.9372215702919003,94.29475539455363,0.5819705810665141
214.0,99.99000000000001,-0.9372215702919003,94.29475539455363,0.5819705810665141
215.0,99.97,-0.03374959895423302,3.9746624199270286,0.6007150124723539
216.0,99.97,-0.03374959895423302,3.9746624199270286,0.6007150124723539
217.0,99.97,-0.03374959895423302,3.9746624199270286,0.6007150124723539
218.0,99.985,-0.03374959895423302,3.9746624199270286,0.6002087684880402
219.0,99.985,-0.03374959895423302,3.9746624199270286,0.6002087684880402
220.0,99.985,-0.03374959895423302,3.9746624199270286,0.6002087684880402
221.0,99.985,-0.03374959895423302,3.9746624199270286,0.6002087684880402
222.0,99.985,-0.03374959895423302,3.9746624199270286,0.6002087684880402
223.0,99.94,0.966250401045767,-95.97533758007297,0.5917275004409817
224.0,99.935,0.966250401045767,-95.97533758007297,0.5868962484357496
225.0,99.935,0.9530556645759406,-94.65665561727853,0.586962222118089
226.0,99.935,0.9530556645759406,-94.65665561727853,0.586962222118089
227.0,99.935,0.9530556645759406,-94.65665561727853,0.586962222118089
228.0,99.94,0.05578910935570369,-4.983836088568054,0.5917275004409728
229.0,99.935,0.05578910935570369,-4.983836088568054,0.5914485548941943
230.0,99.94,0.05578910935570369,-4.983836088568054,0.5917275004409728
231.0,99.94,0.05578910935570369,-4.983836088568054,0.5917275004409728
232.0,99.95,0.05578910935570369,-4.983836088568054,0.5922853915345296
233.0,99.93,0.05578910935570369,-4.983836088568054,0.5911696093474159
234.0,99.97,-0.9442108906442963,94.98616391143194,0.5934011737216451
235.0,99.965,0.03281288954341999,-2.6771331561321716,0.6030073470758075
236.0,99.96000000000001,0.03281288954341999,-2.6771331561321716,0.6028432826280907
237.0,99.96000000000001,0.03281288954341999,-2.6771331561321716,0.6028432826280907
238.0,99.95,0.03281288954341999,-2.6771331561321716,0.6025151537326563
239.0,99.95,0.03281288954341999,-2.6771331561321716,0.6025151537326563
240.0,99.95,0.03281288954341999,-2.6771331561321716,0.6025151537326563
241.0,99.95,0.03281288954341999,-2.6771331561321716,0.6025151537326563
242.0,99.96000000000001,0.03281288954341999,-2.6771331561321716,0.6028432826280907
243.0,99.965,0.03281288954341999,-2.6771331561321716,0.6030073470758075
244.0,99.965,0.03281288954341999,-2.6771331561321716,0.6030073470758075
245.0,99.955,0.03281288954341999,-2.6771331561321716,0.6026792181803731
246.0,99.955,0.03281288954341999,-2.6771331561321716,0.6026792181803731
247.0,99.955,0.03281288954341999,-2.6771331561321716,0.6026792181803731
248.0,99.955,0.03281288954341999,-2.6771331561321716,0.6026792181803731
249.0,99.955,0.03281288954341999,-2.6771331561321716,0.6026792181803731
250.0,99.955,0.03281288954341999,-2.6771331561321716,0.6026792181803731
251.0,99.94,0.03281288954341999,-2.6771331561321716,0.6021870248372219
252.0,99.96000000000001,0.03281288954341999,-2.6771331561321716,0.6028432826280907
253.0,99.96000000000001,0.03281288954341999,-2.6771331561321716,0.6028432826280907
254.0,99.96000000000001,0.03281288954341999,-2.6771331561321716,0.6028432826280907
255.0,99.96000000000001,0.03281288954341999,-2.6771331561321716,0.6028432826280907
256.0,99.955,0.03281288954341999,-2.6771331561321716,0.6026792181803731
257.0,99.975,0.03281288954341999,-2.6771331561321716,0.6033354759712415
258.0,99.975,0.03281288954341999,-2.6771331561321716,0.6033354759712415
259.0,99.97999999999999,0.03281288954341999,-2.6771331561321716,0.6034995404189583
260.0,99.985,0.03281288954341999,-2.6771331561321716,0.6036636048666759
261.0,99.99000000000001,0.28070029696163834,-27.4534795275831,0.6137431656111225
262.0,100.0,0.28070029696163834,-27.4534795275831,0.6165501685807371
263.0,100.0,0.28070029696163834,-27.4534795275831,0.6165501685807371
264.0,100.0,0.28070029696163834,-27.4534795275831,0.6165501685807371
265.0,99.985,0.28070029696163834,-27.4534795275831,0.6123396641263099
266.0,99.99000000000001,0.28070029696163834,-27.4534795275831,0.6137431656111225
267.0,100.0,0.28070029696163834,-27.4534795275831,0.6165501685807371
268.0,100.0,0.28070029696163834,-27.4534795275831,0.6165501685807371
269.0,99.94,1.2807002969616383,-127.4034795275831,0.5897081507630304
270.0,99.965,0.28070029696163834,-27.443479527583108,0.6167256581870681
271.0,99.985,0.28070029696163834,-27.443479527583108,0.6223396641263008
272.0,99.975,0.28070029696163834,-27.443479527583108,0.6195326611566827
273.0,99.95500000000001,0.28070029696163834,-27.443479527583108,0.6139186552174571
274.0,99.965,0.28070029696163834,-27.443479527583108,0.6167256581870681
275.0,99.995,-0.7192997030383617,72.54652047241689,0.6201466670959093
276.0,99.965,0.28070029696163834,-27.423479527583112,0.6367256581870642
277.0,99.965,0.28070029696163834,-27.423479527583112,0.6367256581870642
278.0,99.96000000000001,0.28070029696163834,-27.423479527583112,0.6353221567022587
279.0,99.96000000000001,0.28070029696163834,-27.423479527583112,0.6353221567022587
280.0,99.965,0.28070029696163834,-27.423479527583112,0.6367256581870642
281.0,99.975,0.28070029696163834,-27.423479527583112,0.6395326611566787
282.0,99.955,0.28070029696163834,-27.423479527583112,0.6339186552174496
283.0,99.94999999999999,0.28070029696163834,-27.423479527583112,0.632515153732637
284.0,99.945,0.28070029696163834,-27.423479527583112,0.6311116522478315
285.0,99.945,0.28070029696163834,-27.423479527583112,0.6311116522478315
286.0,99.945,0.28070029696163834,-27.423479527583112,0.6311116522478315
287.0,99.965,-0.5769751485788861,58.31833476310311,0.6410140354147558
288.0,99.965,-0.5769751485788861,58.31833476310311,0.6410140354147558
289.0,99.97,-0.5769751485788861,58.31833476310311,0.6381291596718697
290.0,99.97,-0.5769751485788861,58.31833476310311,0.6381291596718697
291.0,99.97,-0.5769751485788861,58.31833476310311,0.6381291596718697
292.0,99.965,-0.5769751485788861,58.31833476310311,0.6410140354147558
293.0,99.965,-0.5769751485788861,58.31833476310311,0.6410140354147558
294.0,99.965,-0.5769751485788861,58.31833476310311,0.6410140354147558
295.0,99.97,-0.5769751485788861,58.31833476310311,0.6381291596718697
296.0,99.965,-0.5769751485788861,58.31833476310311,0.6410140354147558
297.0,99.95500000000001,0.4230248514211139,-41.631665236896886,0.6517837869005589
298.0,99.94,0.4230248514211139,-41.631665236896886,0.645438414129238
299.0,99.935,0.4230248514211139,-41.631665236896886,0.6433232898721357
300.0,99.935,0.4230248514211139,-41.631665236896886,0.6433232898721357
301.0,99.96000000000001,-0.2423842719458964,24.88263073486946,0.6538989111576505
302.0,99.92500000000001,0.7576157280541036,-75.04736926513056,0.6573823606757543
303.0,99.92500000000001,0.7576157280541036,-75.04736926513056,0.6573823606757543
304.0,99.93,-0.2423842719458964,24.89263073486944,0.6711704393160112
305.0,99.93,-0.2423842719458964,24.89263073486944,0.6711704393160112
306.0,99.93,-0.2423842719458964,24.89263073486944,0.6711704393160112
307.0,99.93,-0.2423842719458964,24.89263073486944,0.6711704393160112
308.0,99.92500000000001,-0.2423842719458964,24.89263073486944,0.6723823606757371
309.0,99.92500000000001,-0.2423842719458964,24.89263073486944,0.6723823606757371
310.0,99.92500000000001,-0.2423842719458964,24.89263073486944,0.6723823606757371
311.0,99.92500000000001,-0.2423842719458964,24.89263073486944,0.6723823606757371
312.0,99.93,-0.2423842719458964,24.89263073486944,0.6711704393160112
313.0,99.935,-0.2423842719458964,24.89263073486944,0.6699585179562817
314.0,99.935,-0.2423842719458964,24.89263073486944,0.6699585179562817
315.0,99.93,-0.2423842719458964,24.89263073486944,0.6711704393160112
316.0,99.93,-0.2423842719458964,24.89263073486944,0.6711704393160112
317.0,99.93,-0.2423842719458964,24.89263073486944,0.6711704393160112
318.0,99.93,-0.2423842719458964,24.89263073486944,0.6711704393160112
319.0,99.935,-0.2423842719458964,24.89263073486944,0.6699585179562817
320.0,99.93,-0.2423842719458964,24.89263073486944,0.6711704393160112
321.0,99.925,-0.2423842719458964,24.89263073486944,0.6723823606757406
322.0,99.925,-0.2423842719458964,24.89263073486944,0.6723823606757406
323.0,99.925,-0.2423842719458964,24.89263073486944,0.6723823606757406
324.0,99.925,-0.2423842719458964,24.89263073486944,0.6723823606757406
325.0,99.925,-0.2423842719458964,24.89263073486944,0.6723823606757406
326.0,99.925,-0.2423842719458964,24.89263073486944,0.6723823606757406
327.0,99.93,-0.2423842719458964,24.89263073486944,0.6711704393160112
328.0,99.935,-0.2423842719458964,24.89263073486944,0.6699585179562817
329.0,99.935,-0.2423842719458964,24.89263073486944,0.6699585179562817
330.0,99.94,-0.2423842719458964,24.89263073486944,0.6687465965965522
331.0,99.94,-0.2423842719458964,24.89263073486944,0.6687465965965522
332.0,99.94,-0.2423842719458964,24.89263073486944,0.6687465965965522
333.0,99.94,-0.2423842719458964,24.89263073486944,0.6687465965965522
334.0,99.945,-0.2423842719458964,24.89263073486944,0.6675346752368227
335.0,99.945,-0.2423842719458964,24.89263073486944,0.6675346752368227
336.0,99.94,-0.2423842719458964,24.89263073486944,0.6687465965965522
337.0,99.945,-0.2423842719458964,24.89263073486944,0.6675346752368227
338.0,99.945,-0.2423842719458964,24.89263073486944,0.6675346752368227
339.0,99.94,-0.2423842719458964,24.89263073486944,0.6687465965965522
340.0,99.94,-0.2423842719458964,24.89263073486944,0.6687465965965522
341.0,99.94999999999999,-0.2423842719458964,24.89263073486944,0.6663227538770968
342.0,99.965,-0.2423842719458964,24.89263073486944,0.6626869897979049
343.0,99.965,-0.2423842719458964,24.89263073486944,0.6626869897979049
344.0,99.97,-0.2423842719458964,24.89263073486944,0.6614750684381754
345.0,99.975,-0.2423842719458964,24.89263073486944,0.6602631470784459
346.0,99.975,-0.2423842719458964,24.89263073486944,0.6602631470784459
347.0,99.975,-0.2423842719458964,24.89263073486944,0.6602631470784459
348.0,99.975,-0.2423842719458964,24.89263073486944,0.6602631470784459
349.0,99.97,-0.2423842719458964,24.89263073486944,0.6614750684381754
350.0,99.965,-0.2423842719458964,24.89263073486944,0.6626869897979049
351.0,99.96000000000001,-0.2423842719458964,24.89263073486944,0.6638989111576308
352.0,99.96000000000001,-0.2423842719458964,24.89263073486944,0.6638989111576308
353.0,99.95,0.012178888168907442,-0.5458658554029121,0.6714140170793867
354.0,99.94,0.012178888168907442,-0.5458658554029121,0.6712922281976976
355.0,99.94,0.012178888168907442,-0.5458658554029121,0.6712922281976976
356.0,99.935,0.012178888168907442,-0.5458658554029121,0.6712313337568532
357.0,99.96000000000001,-0.9878211118310926,99.42413414459709,0.6815358059610759
358.0,99.92,0.012178888168907442,-0.5158658554029075,0.7010486504343242
359.0,99.92,0.012178888168907442,-0.5158658554029075,0.7010486504343242
360.0,99.92,0.012178888168907442,-0.5158658554029075,0.7010486504343242
361.0,99.985,-0.9878211118310926,99.44413414459709,0.6768402781653009
362.0,99.985,-0.9878211118310926,99.44413414459709,0.6768402781653009
363.0,99.965,-0.08272703546565996,8.970930271108443,0.7011221707837461
364.0,99.965,-0.08272703546565996,8.970930271108443,0.7011221707837461
365.0,99.91499999999999,-0.08272703546565996,9.040930271108437,0.7752585225570225
366.0,99.91499999999999,-0.08272703546565996,9.040930271108437,0.7752585225570225
367.0,99.91499999999999,-0.08272703546565996,9.040930271108437,0.7752585225570225
368.0,99.925,-0.08272703546565996,9.040930271108437,0.7744312522023655
369.0,99.925,-0.08272703546565996,9.040930271108437,0.7744312522023655
370.0,99.965,-0.22074173427642263,22.836879564232273,0.7704320972896852
371.0,99.935,0.6241985491195475,-61.59800295552702,0.781279050734959
372.0,99.945,-0.37580145088045247,38.36199704447297,0.8025210362261532
373.0,99.92500000000001,0.6241985491195475,-61.55800295552703,0.8150370652437644
374.0,99.905,0.6241985491195475,-61.55800295552703,0.8025530942613699
375.0,99.905,0.6241985491195475,-61.55800295552703,0.8025530942613699
376.0,99.905,0.6241985491195475,-61.55800295552703,0.8025530942613699
377.0,99.905,0.6241985491195475,-61.55800295552703,0.8025530942613699
378.0,99.905,0.6241985491195475,-61.55800295552703,0.8025530942613699
379.0,99.94,-0.37580145088045247,38.36199704447297,0.8044000434805554
380.0,99.93,0.3754766206809743,-36.69819508522917,0.8231836194205897
381.0,99.93,0.3754766206809743,-36.69819508522917,0.8231836194205897
382.0,99.975,-0.6245233793190257,63.26180491477082,0.8250800673512302
383.0,99.945,0.3754766206809743,-36.67819508522918,0.8488157687308018
384.0,99.945,0.3754766206809743,-36.60819508522917,0.9188157687308092
385.0,99.945,0.3754766206809743,-36.53819508522916,0.9888157687308166
386.0,99.92500000000001,1.3754766206809743,-136.44819508522914,0.9963062363172241
387.0,99.92500000000001,1.3754766206809743,-136.44819508522914,0.9963062363172241
388.0,99.92500000000001,1.3754766206809743,-136.44819508522914,0.9963062363172241
389.0,99.945,0.3754766206809743,-36.49819508522914,1.028815768730837
390.0,99.91499999999999,1.3754766206809743,-136.40819508522912,1.0225514701104146
391.0,99.91499999999999,1.3754766206809743,-136.40819508522912,1.0225514701104146
392.0,99.91499999999999,1.3754766206809743,-136.40819508522912,1.0225514701104146
393.0,99.935,0.44898368591728766,-43.81449118494628,1.0546934671978647
394.0,99.91499999999999,1.4489836859172875,-143.71449118494627,1.0607137934794935
395.0,99.91499999999999,1.4489836859172875,-143.71449118494627,1.0607137934794935
396.0,99.935,0.44898368591728754,-43.77449118494627,1.0946934671978639
397.0,99.91499999999999,1.4489836859172875,-143.67449118494628,1.1007137934794855
398.0,99.935,0.44898368591728754,-43.73449118494628,1.134693467197856
399.0,99.92,1.0136193105797082,-100.1415900887221,1.139251424402346
400.0,99.92,1.0136193105797082,-100.1415900887221,1.139251424402346
401.0,99.935,0.40708672735351203,-39.518658395263785,1.1635537028094447
402.0,99.91499999999999,1.4070867273535121,-139.41865839526378,1.1704119682623855
403.0,99.91499999999999,1.4070867273535121,-139.41865839526378,1.1704119682623855
404.0,99.935,0.40708672735351215,-39.47865839526378,1.203553702809458
405.0,99.91,1.4070867273535121,-139.37865839526378,1.2033765346256189
406.0,99.91,1.4070867273535121,-139.37865839526378,1.2033765346256189
407.0,99.91,1.4070867273535121,-139.37865839526378,1.2033765346256189
408.0,99.935,0.42648506833315925,-41.377328592769715,1.2434567111045567
409.0,99.91499999999999,1.078735451971789,-106.53714191826884,1.2447107654924565
410.0,99.91499999999999,1.078735451971789,-106.53714191826884,1.2447107654924565
411.0,99.945,0.0787354519717891,-6.587141918268841,1.2820728290516206
412.0,99.925,0.5501855424288581,-53.6897204558346,1.287569871369037
413.0,99.965,-0.4498144575711419,46.27027954416539,1.3045772930661883
414.0,99.935,0.5501855424288581,-53.659720455834616,1.3230717267933159
415.0,99.91999999999999,0.9674394779077614,-95.34338861017706,1.3231640223664556
416.0,99.91999999999999,0.9674394779077614,-95.34338861017706,1.3231640223664556
417.0,99.91999999999999,0.9674394779077614,-95.34338861017706,1.3231640223664556
418.0,99.91999999999999,0.9674394779077614,-95.34338861017706,1.3231640223664556
419.0,99.89500000000001,1.9674394779077613,-195.22338861017704,1.3139780354187849
420.0,99.91499999999999,0.9674394779077613,-95.30338861017702,1.3583268249769418
421.0,99.91499999999999,0.943594802632295,-92.88043470111683,1.398840003888921
422.0,99.9,1.5934143422934133,-157.78441032246928,1.397682472642714
423.0,99.9,1.5934143422934133,-157.78441032246928,1.397682472642714
424.0,99.9,1.5934143422934133,-157.78441032246928,1.397682472642714
425.0,99.9,1.5934143422934133,-157.78441032246928,1.397682472642714
426.0,99.925,0.5934143422934133,-57.85441032246928,1.4425178312000426
427.0,99.93,0.46936063755616586,-45.392685756265635,1.5105227547220252
428.0,99.9,1.4693606375561659,-145.28268575626564,1.5064419355953476
429.0,99.9,1.4693606375561659,-145.28268575626564,1.5064419355953476
430.0,99.91,1.1003869995783364,-108.41115011314113,1.5285150147304591
431.0,99.91,1.1003869995783364,-108.41115011314113,1.5285150147304591
432.0,99.91,1.1003869995783364,-108.41115011314113,1.5285150147304591
433.0,99.91,1.1003869995783364,-108.41115011314113,1.5285150147304591
434.0,99.91,1.1003869995783364,-108.41115011314113,1.5285150147304591
435.0,99.935,0.20798353236669276,-19.215423565337346,1.5694107417280954
436.0,99.905,1.2079835323666928,-119.11542356533735,1.5681712357570916
437.0,99.88499999999999,2.207983532366693,-218.98542356533733,1.5590115651097847
438.0,99.88499999999999,2.207983532366693,-218.98542356533733,1.5590115651097847
439.0,99.88499999999999,2.207983532366693,-218.98542356533733,1.5590115651097847
440.0,99.89500000000001,1.3431646932426693,-132.5813733484561,1.5940636830203516
441.0,99.925,0.3431646932426693,-32.651373348456104,1.6393586238176212
442.0,99.96000000000001,-0.6568353067573307,67.3086266515439,1.6513693880811218
443.0,99.96000000000001,-0.6568353067573307,67.3886266515439,1.73136938808112
444.0,99.96000000000001,-0.6568353067573307,67.3886266515439,1.73136938808112
445.0,99.925,0.3431646932426693,-32.5313733484561,1.7593586238176258
446.0,99.89500000000001,1.2988076602927723,-127.99054932709089,1.753841897855608
447.0,99.89500000000001,1.3024706996486923,-128.286596849928,1.8237136914781331
448.0,99.875,2.3024706996486923,-228.14659684992802,1.8126642774851405
449.0,99.89500000000001,1.3024706996486923,-128.246596849928,1.8637136914781252
450.0,99.89500000000001,1.3024706996486923,-128.176596849928,1.9337136914781468
451.0,99.875,2.3024706996486923,-228.03659684992797,1.9226642774851825
452.0,99.9,1.3024706996486923,-128.13659684992797,1.9802260449764049
453.0,99.875,2.3024706996486923,-227.99659684992798,1.9626642774851746
454.0,99.875,2.3024706996486923,-227.99659684992798,1.9626642774851746
455.0,99.875,2.3024706996486923,-227.99659684992798,1.9626642774851746
456.0,99.88499999999999,1.5275464711678952,-150.58166642469635,1.9973128479088587
457.0,99.86500000000001,2.527546471167895,-250.43166642469635,1.9817619184855175
458.0,99.88499999999999,1.527546471167895,-150.54166642469636,2.0373128479088223
459.0,99.875,1.977531899938382,-195.4434574943948,2.062541011951083
460.0,99.86,2.2953029858586724,-227.16972271267662,2.039233455170404
461.0,99.86,2.2953029858586724,-227.16972271267662,2.039233455170404
462.0,99.89,1.2953029858586724,-127.27972271267662,2.108092544746185
463.0,99.925,0.29530298585867243,-27.34972271267661,2.1584281492512325
464.0,99.89,1.2953029858586724,-127.23972271267661,2.1480925447461914
465.0,99.875,1.8559292009746011,-183.18310038921135,2.177828558126947
466.0,99.86500000000001,1.8559292009746011,-183.11310038921135,2.2292692661171998
467.0,99.89500000000001,0.8559292009746011,-83.21310038921135,2.2899471421464455
468.0,99.86500000000001,1.8559292009746011,-183.07310038921133,2.2692692661172202
469.0,99.875,1.3695345033257782,-134.44631772292934,2.335940796732757
470.0,99.875,1.4628005566280395,-143.69452910835827,2.402676484867186
471.0,99.875,1.5051738897767633,-147.8733780714374,2.455864170016838
472.0,99.85499999999999,2.075507401736472,-204.81547590549474,2.4343156949006755
473.0,99.88499999999999,1.075507401736472,-104.92547590549474,2.5015809169527614
474.0,99.86500000000001,1.7579803539529988,-173.07040018431493,2.490307863201309
475.0,99.84,2.757980353952999,-272.90040018431495,2.45635835435246
476.0,99.84,2.757980353952999,-272.90040018431495,2.45635835435246
477.0,99.86500000000001,1.7579803539529988,-173.03040018431494,2.530307863201301
478.0,99.86500000000001,1.683635100386783,-165.53851352079965,2.5977057793264464
479.0,99.83500000000001,2.683635100386783,-265.36851352079964,2.5521967263148895
480.0,99.83500000000001,2.683635100386783,-265.36851352079964,2.5521967263148895
481.0,99.83500000000001,2.683635100386783,-265.36851352079964,2.5521967263148895
482.0,99.83500000000001,2.683635100386783,-265.36851352079964,2.5521967263148895
483.0,99.81,2.5175880886361846,-248.78539845726735,2.495068669510232
484.0,99.845,2.5175880886361846,-248.78539845726735,2.583184252612483
485.0,99.83500000000001,2.5175880886361846,-248.71539845726736,2.628008371726139
486.0,99.805,2.5175880886361846,-248.71539845726736,2.552480729067071
487.0,99.78999999999999,2.5175880886361846,-248.71539845726736,2.514716907737494
488.0,99.78999999999999,2.5175880886361846,-248.71539845726736,2.514716907737494
489.0,99.815,2.5175880886361846,-248.71539845726736,2.577656609953408
490.0,99.785,3.5175880886361846,-348.49539845726736,2.5071289672943067
491.0,99.785,3.5175880886361846,-348.42539845726736,2.5771289672943
492.0,99.72,3.5175880886361846,-348.35539845726737,2.4184857415329475
493.0,99.695,3.5175880886361846,-348.35539845726737,2.330546039317028
494.0,99.69,3.5175880886361846,-348.35539845726737,2.312958098873878
495.0,99.71000000000001,3.5175880886361846,-348.35539845726737,2.383309860646648
496.0,99.695,3.5175880886361846,-348.35539845726737,2.330546039317028
497.0,99.685,3.5175880886361846,-348.35539845726737,2.2953701584306714
498.0,99.69,3.5175880886361846,-348.35539845726737,2.312958098873878
499.0,99.69,3.5175880886361846,-348.35539845726737,2.312958098873878
500.0,99.715,3.5175880886361846,-348.35539845726737,2.4008978010897977
501.0,99.695,3.5175880886361846,-348.35539845726737,2.330546039317028
502.0,99.665,3.5175880886361846,-348.35539845726737,2.2250183966579584
503.0,99.665,3.5175880886361846,-348.35539845726737,2.2250183966579584
504.0,99.66,3.5175880886361846,-348.35539845726737,2.2074304562147518
505.0,99.68,3.5175880886361846,-348.35539845726737,2.2777822179875216
506.0,99.66499999999999,3.5175880886361846,-348.35539845726737,2.2250183966579584
507.0,99.66499999999999,3.5175880886361846,-348.35539845726737,2.2250183966579584
508.0,99.66499999999999,3.5175880886361846,-348.35539845726737,2.2250183966579584
509.0,99.66499999999999,3.5175880886361846,-348.35539845726737,2.2250183966579584
510.0,99.66499999999999,3.5175880886361846,-348.35539845726737,2.2250183966579584
511.0,99.68,3.5175880886361846,-348.35539845726737,2.2777822179875216
512.0,99.67500000000001,3.5175880886361846,-348.35539845726737,2.2601942775443717
513.0,99.67500000000001,3.5175880886361846,-348.35539845726737,2.2601942775443717
514.0,99.67500000000001,3.5175880886361846,-348.35539845726737,2.2601942775443717
515.0,99.66499999999999,3.5175880886361846,-348.35539845726737,2.2250183966579584
516.0,99.695,4.272074906921395,-423.52492016302284,2.379587682505587
517.0,99.64500000000001,4.272074906921395,-423.52492016302284,2.165983937159581
518.0,99.69,4.272074906921395,-423.52492016302284,2.358227307970992
519.0,99.64,4.272074906921395,-423.52492016302284,2.144623562624929
520.0,99.695,4.122087422896168,-408.5756676302285,2.375837995404993
521.0,99.695,4.122087422896168,-408.5756676302285,2.375837995404993
522.0,99.60499999999999,4.122087422896168,-408.5756676302285,2.004850127344298
523.0,99.655,3.759590977796545,-372.467396733855,2.194642158459658
524.0,99.69,4.455595298240771,-441.78206743894,2.3962278426824923
525.0,99.69,4.455595298240771,-441.78206743894,2.3962278426824923
526.0,99.63,4.455595298240771,-441.78206743894,2.1288921247880808
527.0,99.75,4.323130988163947,-428.58067429668364,2.651641772670075
528.0,99.755,4.323130988163947,-428.58067429668364,2.6732574276108494
529.0,99.64,4.323130988163947,-428.58067429668364,2.176097363972019
530.0,99.77000000000001,4.251747064175161,-421.4665524319612,2.7302521607946915
531.0,99.75,4.251747064175161,-421.4665524319612,2.645217219511153
532.0,99.74000000000001,4.251747064175161,-421.4665524319612,2.6026997488694406
533.0,99.65,4.251747064175161,-421.4665524319612,2.220042513093631
534.0,99.75,3.576309581291588,-354.1389441381266,2.5979365957093137
535.0,99.775,3.576309581291588,-354.1389441381266,2.687344335241619
536.0,99.65,3.576309581291588,-354.1389441381266,2.2403056375801498
537.0,99.675,2.993419889445867,-296.01530242301783,2.353825057498966
538.0,99.745,2.3653373507405204,-233.38919248870775,2.541381560905478
539.0,99.78,2.3653373507405204,-233.38919248870775,2.6241683681813868
540.0,99.745,2.3653373507405204,-233.38919248870775,2.541381560905478
541.0,99.755,1.6070874125898382,-157.7537611581772,2.5612436847220863
542.0,99.765,1.6070874125898382,-157.7537611581772,2.577314558848002
543.0,99.765,1.6070874125898382,-157.7537611581772,2.577314558848002
544.0,99.69,2.127786065676872,-209.65700289789274,2.4619899894346133
545.0,99.69,2.127786065676872,-209.65700289789274,2.4619899894346133
546.0,99.72,1.127786065676872,-109.95700289789274,2.5058235714049317
547.0,99.735,0.1277860656768719,-10.21700289789274,2.5277403623900785
548.0,99.765,-0.2746980386157264,29.938836187379792,2.533586364881849
549.0,99.765,-0.2746980386157264,29.938836187379792,2.533586364881849
550.0,99.765,-0.2746980386157264,29.938836187379792,2.533586364881849
551.0,99.765,-0.2746980386157264,29.938836187379792,2.533586364881849
552.0,99.77000000000001,-0.2746980386157264,29.938836187379792,2.532212874688767
553.0,99.775,-0.2746980386157264,29.938836187379792,2.530839384495689
554.0,99.775,-0.2746980386157264,29.938836187379792,2.530839384495689
555.0,99.785,-0.2746980386157264,29.938836187379792,2.528092404109536
556.0,99.775,0.13965705477823964,-11.39722792960226,2.5370547108966015
557.0,99.77000000000001,0.13965705477823964,-11.39722792960226,2.536356425622712
558.0,99.77000000000001,0.13965705477823964,-11.39722792960226,2.536356425622712
559.0,99.775,0.13965705477823964,-11.39722792960226,2.5370547108966015
560.0,99.765,0.13965705477823964,-11.39722792960226,2.5356581403488185
561.0,99.77,0.13965705477823964,-11.39722792960226,2.53635642562271
562.0,99.77000000000001,0.13965705477823964,-11.39722792960226,2.536356425622712
563.0,99.77000000000001,0.13965705477823964,-11.39722792960226,2.536356425622712
564.0,99.78,0.13965705477823964,-11.39722792960226,2.537752996170493
565.0,99.795,0.13965705477823964,-11.39722792960226,2.5398478519921657
566.0,99.78999999999999,0.13965705477823964,-11.39722792960226,2.539149566718274
567.0,99.785,0.13965705477823964,-11.39722792960226,2.5384512814443827
568.0,99.78999999999999,0.13965705477823964,-11.39722792960226,2.539149566718274
569.0,99.78999999999999,0.13965705477823964,-11.39722792960226,2.539149566718274
570.0,99.775,0.13965705477823964,-11.39722792960226,2.5370547108966015
571.0,99.77000000000001,0.13965705477823964,-11.39722792960226,2.536356425622712
572.0,99.77000000000001,0.13965705477823964,-11.39722792960226,2.536356425622712
573.0,99.765,0.13965705477823964,-11.39722792960226,2.5356581403488185
574.0,99.765,0.13965705477823964,-11.39722792960226,2.5356581403488185
575.0,99.77000000000001,0.13965705477823964,-11.39722792960226,2.536356425622712
576.0,99.77000000000001,0.13965705477823964,-11.39722792960226,2.536356425622712
577.0,99.77000000000001,0.13965705477823964,-11.39722792960226,2.536356425622712
578.0,99.785,-0.593507942498797,61.77263879864599,2.5494487564035353
579.0,99.75999999999999,-0.593507942498797,61.77263879864599,2.564286454966009
580.0,99.75999999999999,-0.593507942498797,61.77263879864599,2.564286454966009
581.0,99.75999999999999,-0.593507942498797,61.77263879864599,2.564286454966009
582.0,99.785,-0.593507942498797,61.77263879864599,2.5494487564035353
583.0,99.785,-0.593507942498797,61.77263879864599,2.5494487564035353
584.0,99.785,-0.593507942498797,61.77263879864599,2.5494487564035353
585.0,99.775,0.36698724322706133,-34.04636092936564,2.5697912636144054
586.0,99.75,-0.3110088038200931,33.617644565940374,2.594516384886088
587.0,99.75,-0.3110088038200931,33.617644565940374,2.594516384886088
588.0,99.75,-0.3110088038200931,33.617644565940374,2.594516384886088
589.0,99.745,-0.3110088038200931,33.617644565940374,2.596071428905187
590.0,99.745,-0.3110088038200931,33.617644565940374,2.596071428905187
591.0,99.745,-0.3110088038200931,33.617644565940374,2.596071428905187
592.0,99.745,-0.3110088038200931,33.617644565940374,2.596071428905187
593.0,99.74000000000001,-0.3110088038200931,33.617644565940374,2.5976264729242864
594.0,99.74,-0.3110088038200931,33.617644565940374,2.59762647292429
595.0,99.725,-1.311008803820093,133.39764456594037,2.6572916049815944
596.0,99.72,-0.3110088038200931,33.67764456594037,2.6638466490006856
597.0,99.72,-0.3110088038200931,33.67764456594037,2.6638466490006856
598.0,99.715,-0.3110088038200931,33.67764456594037,2.665401693019785
599.0,99.715,-0.3110088038200931,33.67764456594037,2.665401693019785
600.0,99.71000000000001,-0.3110088038200931,33.67764456594037,2.666956737038884
601.0,99.715,-0.3110088038200931,33.67764456594037,2.665401693019785
602.0,99.705,-0.3110088038200931,33.67764456594037,2.668511781057987
603.0,99.705,-0.3110088038200931,33.67764456594037,2.668511781057987
604.0,99.705,-0.3110088038200931,33.67764456594037,2.668511781057987
605.0,99.705,-0.3110088038200931,33.67764456594037,2.668511781057987
606.0,99.715,-0.3110088038200931,33.67764456594037,2.665401693019785
607.0,99.71000000000001,-0.3110088038200931,33.67764456594037,2.666956737038884
608.0,99.715,-0.3110088038200931,33.67764456594037,2.665401693019785
609.0,99.725,-0.3110088038200931,33.67764456594037,2.6622916049815863
610.0,99.725,-0.3110088038200931,33.67764456594037,2.6622916049815863
611.0,99.705,-0.3110088038200931,33.67764456594037,2.668511781057987
612.0,99.72,-0.3110088038200931,33.67764456594037,2.6638466490006856
613.0,99.715,-0.3110088038200931,33.67764456594037,2.665401693019785
614.0,99.715,-0.3110088038200931,33.67764456594037,2.665401693019785
615.0,99.725,-0.3110088038200931,33.67764456594037,2.6622916049815863
616.0,99.725,-0.3110088038200931,33.67764456594037,2.6622916049815863
617.0,99.705,-0.3110088038200931,33.67764456594037,2.668511781057987
618.0,99.705,-0.3110088038200931,33.67764456594037,2.668511781057987
619.0,99.695,-0.3110088038200931,33.67764456594037,2.671621869096189
620.0,99.69999999999999,-0.3110088038200931,33.67764456594037,2.6700668250770896
621.0,99.69999999999999,-0.3110088038200931,33.67764456594037,2.6700668250770896
622.0,99.705,-0.3110088038200931,33.67764456594037,2.668511781057987
623.0,99.705,-0.3110088038200931,33.67764456594037,2.668511781057987
624.0,99.705,-0.3110088038200931,33.67764456594037,2.668511781057987
625.0,99.695,-0.3110088038200931,33.67764456594037,2.671621869096189
626.0,99.695,-0.3110088038200931,33.67764456594037,2.671621869096189
627.0,99.695,-0.3110088038200931,33.67764456594037,2.671621869096189
628.0,99.715,-0.3110088038200931,33.67764456594037,2.665401693019785
629.0,99.715,-0.3110088038200931,33.67764456594037,2.665401693019785
630.0,99.695,-0.3110088038200931,33.67764456594037,2.671621869096189
631.0,99.715,-0.3110088038200931,33.67764456594037,2.665401693019785
632.0,99.69999999999999,-0.3110088038200931,33.67764456594037,2.6700668250770896
633.0,99.69999999999999,-0.3110088038200931,33.67764456594037,2.6700668250770896
634.0,99.69999999999999,-0.3110088038200931,33.67764456594037,2.6700668250770896
635.0,99.695,-0.3110088038200931,33.67764456594037,2.671621869096189
636.0,99.69,-0.3110088038200931,33.67764456594037,2.673176913115288
637.0,99.69,-0.3110088038200931,33.67764456594037,2.673176913115288
638.0,99.69,-0.3110088038200931,33.67764456594037,2.673176913115288
639.0,99.695,-0.3110088038200931,33.67764456594037,2.671621869096189
640.0,99.685,-0.3110088038200931,33.67764456594037,2.6747319571343873
641.0,99.685,-0.3110088038200931,33.67764456594037,2.6747319571343873
642.0,99.685,-0.3110088038200931,33.67764456594037,2.6747319571343873
643.0,99.685,-0.3110088038200931,33.67764456594037,2.6747319571343873
644.0,99.685,-0.3110088038200931,33.67764456594037,2.6747319571343873
645.0,99.685,-0.3110088038200931,33.67764456594037,2.6747319571343873
646.0,99.685,-0.3110088038200931,33.67764456594037,2.6747319571343873
647.0,99.695,-0.3110088038200931,33.67764456594037,2.671621869096189
648.0,99.695,-0.3110088038200931,33.67764456594037,2.671621869096189
649.0,99.695,-0.3110088038200931,33.67764456594037,2.671621869096189
650.0,99.69,-0.3110088038200931,33.67764456594037,2.673176913115288
651.0,99.69,-0.3110088038200931,33.67764456594037,2.673176913115288
652.0,99.69,-0.3110088038200931,33.67764456594037,2.673176913115288
653.0,99.69,-0.3110088038200931,33.67764456594037,2.673176913115288
654.0,99.69,-0.3110088038200931,33.67764456594037,2.673176913115288
655.0,99.69,-0.3110088038200931,33.67764456594037,2.673176913115288
656.0,99.69,-0.3110088038200931,33.67764456594037,2.673176913115288
657.0,99.69,-0.3110088038200931,33.67764456594037,2.673176913115288
658.0,99.69,-0.3110088038200931,33.67764456594037,2.673176913115288
659.0,99.69,-0.3110088038200931,33.67764456594037,2.673176913115288
660.0,99.69,-0.3110088038200931,33.67764456594037,2.673176913115288
661.0,99.67500000000001,0.6889911961799069,-65.98235543405963,2.692842045172597
662.0,99.67500000000001,0.6889911961799069,-65.98235543405963,2.692842045172597
663.0,99.69,-0.3110088038200931,33.717644565940375,2.7131769131152943
664.0,99.67500000000001,0.6889911961799069,-65.94235543405962,2.732842045172603
665.0,99.67500000000001,0.6889911961799069,-65.94235543405962,2.732842045172603
666.0,99.67500000000001,0.6889911961799069,-65.94235543405962,2.732842045172603
667.0,99.67500000000001,0.6889911961799069,-65.94235543405962,2.732842045172603
668.0,99.67500000000001,0.6889911961799069,-65.94235543405962,2.732842045172603
669.0,99.67500000000001,0.6889911961799069,-65.94235543405962,2.732842045172603
670.0,99.66499999999999,0.3796350373256254,-35.09954639628776,2.7367795987706955
671.0,99.68,-0.1899990409741028,21.692971210195147,2.7538668058965783
672.0,99.65,0.8100009590258972,-77.95702878980487,2.759566777125798
673.0,99.68,-0.1899990409741028,21.72297121019514,2.7838668058965723
674.0,99.695,-0.7372396866976966,76.31550155655125,2.816390991224395
675.0,99.66499999999999,0.2627603133023034,-23.344498443448742,2.843508181825328
676.0,99.66499999999999,0.2627603133023033,-23.274498443448735,2.9135081818253212
677.0,99.66499999999999,0.2627603133023033,-23.20449844344873,2.983508181825325
678.0,99.675,0.2627603133023033,-23.13449844344872,3.056135784958361
679.0,99.655,0.2627603133023033,-23.064498443448727,3.1208805786923115
680.0,99.655,0.2627603133023033,-23.064498443448727,3.1208805786923115
681.0,99.655,0.2627603133023033,-22.994498443448748,3.1908805786922905
682.0,99.64500000000001,0.643119749001035,-60.842530588255315,3.241136800952816
683.0,99.65,0.5687705394591362,-53.36660582578679,3.311378431316136
684.0,99.65,0.5687705394591362,-53.36660582578679,3.311378431316136
685.0,99.65,0.5687705394591362,-53.30660582578679,3.3713784313161383
686.0,99.62,1.5687705394591362,-152.9266058257868,3.354315315132368
687.0,99.62,1.5687705394591362,-152.8666058257868,3.41431531513237
688.0,99.64500000000001,0.5687705394591362,-53.216605825786786,3.4585345786188526
689.0,99.62,1.5687705394591362,-152.82660582578677,3.4543153151323907
690.0,99.62,1.5687705394591362,-152.82660582578677,3.4543153151323907
691.0,99.6,2.442645443639046,-239.85580753306402,3.4316786533849495
692.0,99.6,2.442645443639046,-239.85580753306402,3.4316786533849495
693.0,99.6,2.442645443639046,-239.85580753306402,3.4316786533849495
694.0,99.6,2.442645443639046,-239.85580753306402,3.4316786533849495
695.0,99.61500000000001,1.4426454436390461,-140.22580753306403,3.48331833503957
696.0,99.60499999999999,1.8300432442249266,-178.759998361447,3.521458979576778
697.0,99.58500000000001,2.8300432442249264,-278.329998361447,3.4998581146923016
698.0,99.58500000000001,2.8300432442249264,-278.329998361447,3.4998581146923016
699.0,99.56,3.8300432442249264,-377.879998361447,3.4391070335866516
700.0,99.57,2.8300432442249264,-278.299998361447,3.4874074660288557
701.0,99.57,2.8300432442249264,-278.299998361447,3.4874074660288557
702.0,99.57,2.8300432442249264,-278.299998361447,3.4874074660288557
703.0,99.57,2.8300432442249264,-278.299998361447,3.4874074660288557
704.0,99.57,2.8300432442249264,-278.299998361447,3.4874074660288557
705.0,99.58,2.3845492805418633,-233.9041099771266,3.549307379232147
706.0,99.56,3.3845492805418633,-333.4541099771266,3.5116163936212956
707.0,99.56,3.3845492805418633,-333.4541099771266,3.5116163936212956
708.0,99.56,3.3845492805418633,-333.4541099771266,3.5116163936212956
709.0,99.55,3.3845492805418633,-333.4541099771266,3.4777709008158695
710.0,99.57,2.5598952220738687,-251.33505883488374,3.553708427011344
711.0,99.55,3.5598952220738687,-350.87505883488376,3.512510522569869
712.0,99.55,3.5598952220738687,-350.87505883488376,3.512510522569869
713.0,99.53999999999999,3.5598952220738687,-350.87505883488376,3.4769115703491025
714.0,99.565,2.5598952220738687,-251.30505883488377,3.5709089509009573
715.0,99.53999999999999,3.5598952220738687,-350.83505883488374,3.516911570349123
716.0,99.53999999999999,3.5598952220738687,-350.83505883488374,3.516911570349123
717.0,99.52000000000001,4.559895222073869,-450.34505883488373,3.4557136659077514
718.0,99.545,3.5598952220738687,-350.8050588348837,3.5647110464595357
719.0,99.57,2.5598952220738687,-251.22505883488373,3.6637084270113576
720.0,99.57,2.5598952220738687,-251.22505883488373,3.6637084270113576
721.0,99.53999999999999,3.5598952220738687,-350.76505883488375,3.586911570349116
722.0,99.53999999999999,3.5598952220738687,-350.76505883488375,3.586911570349116
723.0,99.565,2.5598952220738687,-251.19505883488375,3.680908950900971
724.0,99.565,2.5598952220738687,-251.19505883488375,3.680908950900971
725.0,99.535,3.5598952220738687,-350.7250588348837,3.6091120942387533
726.0,99.525,3.5598952220738687,-350.65505883488373,3.6435131420180937
727.0,99.525,3.5598952220738687,-350.58505883488374,3.713513142018087
728.0,99.525,3.5598952220738687,-350.51505883488375,3.78351314201808
729.0,99.5,4.559895222073869,-450.00505883488376,3.704515761466155
730.0,99.465,5.559895222073869,-549.4750588348837,3.539919428693679
731.0,99.445,6.559895222073869,-648.9050588348837,3.443721524252169
732.0,99.445,6.559895222073869,-648.9050588348837,3.443721524252169
733.0,99.44,6.135882127693822,-606.7284763369005,3.42364244097314
734.0,99.44,6.135882127693822,-606.7284763369005,3.42364244097314
735.0,99.465,5.188714809909814,-512.5137432369252,3.5817753307544535
736.0,99.46000000000001,5.418112233196786,-535.2687868539789,3.6166558597734593
737.0,99.455,5.418112233196786,-535.2087868539788,3.649565298607513
738.0,99.43,6.418112233196786,-634.6287868539788,3.5241124927777037
739.0,99.47,5.418112233196786,-535.1687868539788,3.7708369821056067
740.0,99.47,5.418112233196786,-535.1687868539788,3.7708369821056067
741.0,99.445,6.246774565959701,-617.5606889638887,3.649807747973796
742.0,99.445,6.246774565959701,-617.5606889638887,3.649807747973796
743.0,99.41499999999999,7.246774565959701,-716.9706889638886,3.4674045109949247
744.0,99.41499999999999,7.246774565959701,-716.9706889638886,3.4674045109949247
745.0,99.4,7.757509983438169,-767.7275747528988,3.368917600855184
746.0,99.4,7.757509983438169,-767.7275747528988,3.368917600855184
747.0,99.4,7.757509983438169,-767.7275747528988,3.368917600855184
748.0,99.4,7.3313736036556305,-725.3568345111211,3.381701692248612
749.0,99.405,7.3313736036556305,-725.2968345111211,3.4783585602668836
750.0,99.38,8.331373603655631,-824.6668345111211,3.30507422017547
751.0,99.37,8.331373603655631,-824.6668345111211,3.221760484139054
752.0,99.37,8.331373603655631,-824.6668345111211,3.221760484139054
753.0,99.35499999999999,9.123310654247524,-903.3378611169197,3.1086689358429567
754.0,99.36,8.636120001176053,-854.920854014677,3.1640293021755497
755.0,99.38,7.918664646826933,-783.612966345918,3.343926255742531
756.0,99.36,8.918664646826933,-882.9629663459181,3.195552962806005
757.0,99.38,7.918664646826933,-783.5729663459181,3.3839262557424945
758.0,99.36,8.918664646826933,-882.9229663459181,3.2355529628059685
759.0,99.36,8.918664646826933,-882.9229663459181,3.2355529628059685
760.0,99.35,8.918664646826933,-882.9229663459181,3.1463663163376623
761.0,99.33500000000001,9.429018579638745,-933.5819401887559,3.049620419658936
762.0,99.35499999999999,8.478906550372171,-839.1788089608292,3.242951351397778
763.0,99.33,9.478906550372171,-938.4988089608291,3.040978687638585
764.0,99.33,9.478906550372171,-938.4988089608291,3.040978687638585
765.0,99.32,9.478906550372171,-938.4988089608291,2.9461896221348525
766.0,99.30000000000001,8.478906550372171,-839.1488089608291,2.806611491127569
767.0,99.345,8.478906550372171,-839.1488089608291,3.1881622858942364
768.0,99.32,9.478906550372171,-938.4588089608292,2.986189622134816
769.0,99.3,10.478906550372171,-1037.7488089608291,2.8066114911273417
770.0,99.3,10.478906550372171,-1037.7488089608291,2.8066114911273417
771.0,99.27000000000001,10.478906550372171,-1037.7488089608291,2.492244294616512
772.0,99.265,10.478906550372171,-1037.7488089608291,2.4398497618644797
773.0,99.265,10.478906550372171,-1037.7488089608291,2.4398497618644797
774.0,99.3,10.478906550372171,-1037.7488089608291,2.8066114911273417
775.0,99.3,10.478906550372171,-1037.7488089608291,2.8066114911273417
776.0,99.3,10.478906550372171,-1037.7488089608291,2.8066114911273417
777.0,99.25999999999999,10.773064983546522,-1066.9469750377152,2.3874552291124473
778.0,99.265,10.773064983546522,-1066.9469750377152,2.441320554030426
779.0,99.265,10.773064983546522,-1066.9469750377152,2.441320554030426
780.0,99.285,9.961911659853515,-986.3994499949995,2.668949153556696
781.0,99.315,8.961911659853515,-887.0794499949995,2.972806503352217
782.0,99.28999999999999,8.117612448609188,-803.1983233578758,2.7994166645304404
783.0,99.28999999999999,8.117612448609188,-803.1983233578758,2.7994166645304404
784.0,99.36,8.117612448609188,-803.1983233578758,3.3676495359331966
785.0,99.28,9.117612448609188,-902.5283233578758,2.668240540044394
786.0,99.30000000000001,9.117612448609188,-902.5283233578758,2.850592789016673
787.0,99.28999999999999,9.117612448609188,-902.5283233578758,2.759416664530363
788.0,99.27000000000001,9.117612448609188,-902.5283233578758,2.577064415558425
789.0,99.255,9.117612448609188,-902.5283233578758,2.4403002288290736
790.0,99.255,9.117612448609188,-902.5283233578758,2.4403002288290736
791.0,99.265,9.117612448609188,-902.5283233578758,2.53147635331527
792.0,99.265,9.117612448609188,-902.5283233578758,2.53147635331527
793.0,99.255,9.117612448609188,-902.5283233578758,2.4403002288290736
794.0,99.25,9.117612448609188,-902.5283233578758,2.394712166586146
795.0,99.25,9.117612448609188,-902.5283233578758,2.394712166586146
796.0,99.25,9.117612448609188,-902.5283233578758,2.394712166586146
797.0,99.25,9.117612448609188,-902.5283233578758,2.394712166586146
798.0,99.25,9.117612448609188,-902.5283233578758,2.394712166586146
799.0,99.25,9.117612448609188,-902.5283233578758,2.394712166586146
800.0,99.225,9.117612448609188,-902.5283233578758,2.1667718553708255
801.0,99.22,9.117612448609188,-902.5283233578758,2.121183793127784
802.0,99.22,9.117612448609188,-902.5283233578758,2.121183793127784
803.0,99.215,9.117612448609188,-902.5283233578758,2.0755957308848565
804.0,99.215,9.117612448609188,-902.5283233578758,2.0755957308848565
805.0,99.21000000000001,9.117612448609188,-902.5283233578758,2.030007668641815
806.0,99.225,9.117612448609188,-902.5283233578758,2.1667718553708255
807.0,99.225,9.117612448609188,-902.5283233578758,2.1667718553708255
808.0,99.225,9.117612448609188,-902.5283233578758,2.1667718553708255
809.0,99.225,9.117612448609188,-902.5283233578758,2.1667718553708255
810.0,99.22,9.117612448609188,-902.5283233578758,2.121183793127784
811.0,99.22,9.117612448609188,-902.5283233578758,2.121183793127784
812.0,99.22,9.117612448609188,-902.5283233578758,2.121183793127784
813.0,99.24000000000001,9.117612448609188,-902.5283233578758,2.3035360421000632
814.0,99.22,9.117612448609188,-902.5283233578758,2.121183793127784
815.0,99.245,9.117612448609188,-902.5283233578758,2.3491241043431046
816.0,99.225,9.117612448609188,-902.5283233578758,2.1667718553708255
817.0,99.22,9.117612448609188,-902.5283233578758,2.121183793127784
818.0,99.21000000000001,9.117612448609188,-902.5283233578758,2.030007668641815
819.0,99.22,9.117612448609188,-902.5283233578758,2.121183793127784
820.0,99.195,9.117612448609188,-902.5283233578758,1.8932434819125774
821.0,99.19,9.117612448609188,-902.5283233578758,1.847655419669536
822.0,99.19,9.117612448609188,-902.5283233578758,1.847655419669536
823.0,99.18,9.117612448609188,-902.5283233578758,1.756479295183567
824.0,99.175,9.117612448609188,-902.5283233578758,1.710891232940412
825.0,99.175,9.117612448609188,-902.5283233578758,1.710891232940412
826.0,99.155,9.117612448609188,-902.5283233578758,1.5285389839682466
827.0,99.17,9.117612448609188,-902.5283233578758,1.6653031706973707
828.0,99.17,9.117612448609188,-902.5283233578758,1.6653031706973707
829.0,99.16499999999999,9.117612448609188,-902.5283233578758,1.6197151084542156
830.0,99.185,9.117612448609188,-902.5283233578758,1.8020673574264947
831.0,99.185,9.117612448609188,-902.5283233578758,1.8020673574264947
832.0,99.19,9.117612448609188,-902.5283233578758,1.847655419669536
833.0,99.19,9.117612448609188,-902.5283233578758,1.847655419669536
834.0,99.18,9.117612448609188,-902.5283233578758,1.756479295183567
835.0,99.175,9.117612448609188,-902.5283233578758,1.710891232940412
836.0,99.17,9.117612448609188,-902.5283233578758,1.6653031706973707
837.0,99.17,9.117612448609188,-902.5283233578758,1.6653031706973707
838.0,99.17,9.117612448609188,-902.5283233578758,1.6653031706973707
839.0,99.19,9.117612448609188,-902.5283233578758,1.847655419669536
840.0,99.17,9.117612448609188,-902.5283233578758,1.6653031706973707
841.0,99.185,9.117612448609188,-902.5283233578758,1.8020673574264947
842.0,99.185,9.117612448609188,-902.5283233578758,1.8020673574264947
843.0,99.16,9.117612448609188,-902.5283233578758,1.574127046211288
844.0,99.175,9.117612448609188,-902.5283233578758,1.710891232940412
845.0,99.16999999999999,9.117612448609188,-902.5283233578758,1.665303170697257
846.0,99.16999999999999,9.117612448609188,-902.5283233578758,1.665303170697257
847.0,98.975,9.117612448609188,-902.5283233578758,-0.11263125678146935
848.0,99.20169319445219,8.9692144800338,-887.8292812974223,1.9319817461288267
849.0,99.16499999999999,8.9692144800338,-887.8292812974223,1.6028726151293995
850.0,99.175,9.443778633646641,-934.7779130143406,1.8088329775649754
851.0,98.99,9.443778633646641,-934.7779130143406,0.06173393034032415
852.0,99.22905899085237,9.443778633646641,-934.7779130143406,2.3193541203330597
853.0,99.22467267160391,9.443778633646641,-934.7779130143406,2.2779306923341665
854.0,99.2252997210065,9.443778633646641,-934.7779130143406,2.283852408084499
855.0,99.21000000000001,9.443778633646641,-934.7779130143406,2.1393652297427934
856.0,99.22593124699492,10.233601694068357,-1012.9388030736736,2.4998550310838255
857.0,99.21428233691488,10.233601694068357,-1012.9388030736736,2.3806447251547525
858.0,99.2041204249362,10.233601694068357,-1012.9388030736736,2.276651765514771
859.0,98.93,10.233601694068357,-1012.9388030736736,-0.5285874794910796
860.0,99.20818798167718,10.233601694068357,-1012.9388030736736,2.3182775210699447
861.0,99.22068382846277,10.233601694068357,-1012.9388030736736,2.446155039903715
862.0,99.19,10.233601694068357,-1012.9388030736736,2.132148960966674
863.0,99.19999999999999,10.233601694068357,-1012.9388030736736,2.2344849779073
864.0,99.20500000000001,10.233601694068357,-1012.9388030736736,2.2856529863778405
865.0,99.21000000000001,10.233601694068357,-1012.9388030736736,2.3368209948481535
866.0,99.2,10.233601694068357,-1012.9388030736736,2.234484977907414
867.0,99.16499999999999,10.233601694068357,-1012.9388030736736,1.8763089186148818
868.0,99.16499999999999,10.233601694068357,-1012.9388030736736,1.8763089186148818
869.0,99.18,10.233601694068357,-1012.9388030736736,2.029812944026048
870.0,99.16,10.233601694068357,-1012.9388030736736,1.8251409101445688
871.0,98.93,10.233601694068357,-1012.9388030736736,-0.5285874794910796
872.0,99.22,9.526853918237418,-942.9990431774439,2.255402590072663
873.0,99.18,10.153594486741742,-1005.0275572423168,2.0059439527292398
874.0,99.14500000000001,10.153594486741742,-1005.0275572423168,1.6505681456933416
875.0,98.92,10.153594486741742,-1005.0275572423168,-0.6339906138236984
876.0,98.9,9.402268956920722,-930.6838960665268,-0.7994962270673796
877.0,99.14753252902877,9.402268956920722,-930.6838960665268,1.5278711864477827
878.0,99.15784529899557,9.402268956920722,-930.6838960665268,1.624834623366496
879.0,98.9,9.402268956920722,-930.6838960665268,-0.7994962270673796
880.0,99.15862752665237,9.402268956920722,-930.6838960665268,1.6321893381813197
881.0,99.15128456597347,9.402268956920722,-930.6838960665268,1.5631488469382475
882.0,99.15121828558291,9.402268956920722,-930.6838960665268,1.5625256608796008
883.0,99.17687809336837,9.402268956920722,-930.6838960665268,1.8037860750614527
884.0,99.17409648938398,9.402268956920722,-930.6838960665268,1.7776326862685892
885.0,99.2014055642118,9.402268956920722,-930.6838960665268,2.034399952764261
886.0,99.22333091509545,9.402268956920722,-930.6838960665268,2.2405479987472745
887.0,99.23055654413933,9.402268956920722,-930.6838960665268,2.3084853064008257
888.0,99.20993709114096,9.402268956920722,-930.6838960665268,2.1146156635654734
889.0,98.965,9.402268956920722,-930.6838960665268,-0.1883487448675396
890.0,99.17500000000001,9.356881536985027,-926.190541492893,1.7781849375971888
891.0,98.97,9.356881536985027,-926.190541492893,-0.1399757774848922
892.0,99.20257755394982,10.356881536985027,-1025.130541492893,2.2988023969353435
893.0,98.945,10.356881536985027,-1025.130541492893,-0.3688978159095768
894.0,99.14500000000001,9.808519231817272,-970.8536405273886,1.611998711134902
895.0,99.13,9.808519231817272,-970.8536405273886,1.4648709226574965
896.0,99.13,9.808519231817272,-970.8536405273886,1.4648709226574965
897.0,98.91,9.808519231817272,-970.8536405273886,-0.6930033083423268
898.0,99.21534164580612,9.186563708616674,-909.3173610619216,2.1306958394454796
899.0,99.22455381200727,9.186563708616674,-909.3173610619216,2.215323991146647
900.0,99.23590173090581,9.186563708616674,-909.3173610619216,2.319572371068375
901.0,99.24119809607929,9.186563708616674,-909.3173610619216,2.3682277671586007
902.0,99.175,9.186563708616674,-909.3173610619216,1.7600947401371059
903.0,99.19,9.186563708616674,-909.3173610619216,1.8978931957663008
904.0,99.21000000000001,9.186563708616674,-909.3173610619216,2.081624469938788
905.0,99.2,9.186563708616674,-909.3173610619216,1.9897588328525444
906.0,99.205,9.186563708616674,-909.3173610619216,2.0356916513956094
907.0,99.21000000000001,9.457530558825592,-936.1349502270981,2.146656513989001
908.0,99.22993729995267,10.06470605090573,-996.2271086782694,2.493041695560464
909.0,99.215,10.06470605090573,-996.2271086782694,2.3427021623426754
910.0,98.995,10.06470605090573,-996.2271086782694,0.1284668311434416
911.0,99.2052282378374,10.187667124814501,-1008.3598521083895,2.309990219945803
912.0,99.21700510569224,10.187667124814501,-1008.3598521083895,2.4299690294237735
913.0,99.215,10.187667124814501,-1008.3598521083895,2.4095416800812473
914.0,98.99,10.187667124814501,-1008.3598521083895,0.11731657699783682
915.0,99.2429066897948,9.88765085557471,-978.6522411282655,2.6269701128052247
916.0,99.27104434806974,9.88765085557471,-978.6522411282655,2.9051854537212876
917.0,99.28372286523656,9.88765085557471,-978.6522411282655,3.030546204833172
918.0,99.02,9.88765085557471,-978.6522411282655,0.4229465907422991
919.0,99.03,9.784210709323927,-968.4064946421254,0.523891902223113
920.0,99.31269516316004,9.352805852220113,-925.6715294974215,3.180827024333894
921.0,99.33374180465556,9.352805852220113,-925.6715294974215,3.377672176082683
922.0,99.35631490921249,9.352805852220113,-925.6715294974215,3.5887940404854817
923.0,99.255,9.352805852220113,-925.6715294974215,2.6412153646857632
924.0,99.33338148133144,10.21472548350161,-1011.0188113869153,3.6444117928278956
925.0,99.33752175483737,10.21472548350161,-1011.0188113869153,3.6867035501174996
926.0,99.31622066555845,10.21472548350161,-1011.0188113869153,3.469118770633713
927.0,99.31509480109986,10.21472548350161,-1011.0188113869153,3.457618374257663
928.0,99.03,10.21472548350161,-1011.0188113869153,0.5454532442490745
929.0,99.03,9.76566633240731,-966.535011879514,0.5589250187820198
930.0,99.27966765899816,9.269219399946904,-917.3569787499861,2.888042735080944
931.0,99.06,9.269219399946904,-917.3569787499861,0.8518950087542407
932.0,99.2450380444319,9.15707546830965,-906.2446365640506,2.549666664074607
933.0,99.24,9.15707546830965,-906.2446365640506,2.50353291099907
934.0,99.25999999999999,9.15707546830965,-906.2446365640506,2.6866744203651933
935.0,99.245,9.15707546830965,-906.2446365640506,2.5493182883407144
936.0,99.245,9.15707546830965,-906.2446365640506,2.5493182883407144
937.0,99.235,9.15707546830965,-906.2446365640506,2.457747533657539
938.0,99.275,9.635400822555159,-953.6084131414409,2.946003517722488
939.0,99.27000000000001,9.635400822555159,-953.6084131414409,2.897826513609857
940.0,99.255,9.635400822555159,-953.6084131414409,2.7532955012713956
941.0,99.24000000000001,9.635400822555159,-953.6084131414409,2.6087644889331614
942.0,99.02,10.635400822555159,-1052.628413141441,0.4889763079709155
943.0,99.304515350367,11.635400822555159,-1151.618413141441,3.8294264496605592
944.0,99.265,11.635400822555159,-1151.618413141441,3.369649509496867
945.0,98.985,12.311666872879776,-1218.561989463075,0.10835594892978406
946.0,99.265,12.122148320142642,-1199.7958623710438,3.5091906279155864
947.0,99.235,12.122148320142642,-1199.7958623710438,3.145526178311229
948.0,99.235,12.122148320142642,-1199.7958623710438,3.145526178311229
949.0,99.22999999999999,12.122148320142642,-1199.7958623710438,3.0849154367106166
950.0,99.2,12.122148320142642,-1199.7958623710438,2.7212509871064867
951.0,99.225,12.122148320142642,-1199.7958623710438,3.0243046951097767
952.0,99.195,12.122148320142642,-1199.7958623710438,2.660640245505647
953.0,99.2,12.122148320142642,-1199.7958623710438,2.7212509871064867
954.0,99.195,12.122148320142642,-1199.7958623710438,2.660640245505647
955.0,98.935,12.672788513826822,-1254.259683928346,-0.47735231288947944
956.0,99.22170077157479,13.153054290443455,-1301.7475646011412,3.32085243751726
957.0,99.24932287612472,13.153054290443455,-1301.7475646011412,3.684167478278823
958.0,99.26515783747644,13.153054290443455,-1301.7475646011412,3.8924455846249657
959.0,99.29023773699265,13.153054290443455,-1301.7475646011412,4.22232286456051
960.0,99.31555693261203,13.153054290443455,-1301.7475646011412,4.55534761913259
961.0,99.0,13.153054290443455,-1301.7475646011412,0.40481015276077414
962.0,99.29971744867757,12.269985143340934,-1214.2972269635786,4.108830869647591
963.0,99.3140905746268,12.269985143340934,-1214.2972269635786,4.285188911508158
964.0,99.25,12.269985143340934,-1214.2972269635786,3.4987985130089783
965.0,99.0,12.269985143340934,-1214.2972269635786,0.43130222717377364
966.0,99.31714896778313,12.269985143340934,-1214.2972269635786,4.322715350098633
967.0,99.32021107955102,12.269985143340934,-1214.2972269635786,4.3602874159978455
968.0,99.3515105638916,12.269985143340934,-1214.2972269635786,4.744331623851167
969.0,99.275,12.269985143340934,-1214.2972269635786,3.8055481415926806
970.0,99.35806511349807,12.924710307242316,-1279.1150181898154,5.059190090266384
971.0,99.36811934139575,12.924710307242316,-1279.1150181898154,5.189138073206777
972.0,99.35405245526938,12.924710307242316,-1279.1150181898154,5.007327645098485
973.0,99.38435861437272,12.924710307242316,-1279.1150181898154,5.399025972034224
974.0,99.38307897816415,12.924710307242316,-1279.1150181898154,5.382487044739946
975.0,99.375277505617,12.924710307242316,-1279.1150181898154,5.281655272098305
976.0,99.35518274290263,12.924710307242316,-1279.1150181898154,5.0219362853222265
977.0,99.33698034668313,12.924710307242316,-1279.1150181898154,4.786675587287618
978.0,99.34593587471662,12.924710307242316,-1279.1150181898154,4.902423192768765
979.0,99.37415288880776,12.924710307242316,-1279.1150181898154,5.26711992563196
980.0,99.39237157161097,12.924710307242316,-1279.1150181898154,5.502591123042976
981.0,99.39300940386788,12.924710307242316,-1279.1150181898154,5.510834920188245
982.0,99.3968197023085,12.924710307242316,-1279.1150181898154,5.560081923717462
983.0,99.4035305255058,12.924710307242316,-1279.1150181898154,5.64681736946568
984.0,99.3835120286068,12.924710307242316,-1279.1150181898154,5.388084096259718
985.0,99.31,12.924710307242316,-1279.1150181898154,4.437962422419105
986.0,99.29499999999999,12.924710307242316,-1279.1150181898154,4.244091767810232
987.0,99.32,12.924710307242316,-1279.1150181898154,4.567209525491307
988.0,99.32,12.924710307242316,-1279.1150181898154,4.567209525491307
989.0,99.3,12.924710307242316,-1279.1150181898154,4.308715319346675
990.0,99.295,12.924710307242316,-1279.1150181898154,4.24409176781046
991.0,99.275,12.924710307242316,-1279.1150181898154,3.9855975616655996
992.0,99.265,12.924710307242316,-1279.1150181898154,3.8563504585931696
993.0,99.265,12.924710307242316,-1279.1150181898154,3.8563504585931696
994.0,99.23,12.924710307242316,-1279.1150181898154,3.4039855978396645
995.0,99.24000000000001,12.924710307242316,-1279.1150181898154,3.5332327009120945
996.0,99.315,12.924710307242316,-1279.1150181898154,4.50258597395532
997.0,99.3,12.924710307242316,-1279.1150181898154,4.308715319346675
998.0,99.28,12.924710307242316,-1279.1150181898154,4.050221113201815
999.0,99.315,12.924710307242316,-1279.1150181898154,4.50258597395532
1000.0,99.06,12.924710307242316,-1279.1150181898154,1.2067848456085812
1001.0,99.27000000000001,12.774023219425853,-1264.183434658082,3.8938503343226785
1002.0,99.28999999999999,12.774023219425853,-1264.183434658082,4.149330798710935
1003.0,99.27000000000001,12.774023219425853,-1264.183434658082,3.8938503343226785
1004.0,99.30048709965061,13.270723520219978,-1313.3617314397081,4.427578282925651
1005.0,99.32,13.270723520219978,-1313.3617314397081,4.686528588539886
1006.0,99.06,13.270723520219978,-1313.3617314397081,1.2361404732828305
1007.0,99.33609349383634,13.68974054841423,-1354.8221287634765,5.063218260161875
1008.0,99.33754591188959,13.68974054841423,-1354.8221287634765,5.083101486478654
1009.0,99.33500000000001,13.68974054841423,-1354.8221287634765,5.0482486132511895
1010.0,99.06,13.68974054841423,-1354.8221287634765,1.283569962437241
1011.0,99.38046138098682,14.060001584544667,-1391.4512948336414,5.83814965581314
1012.0,99.33500000000001,14.060001584544667,-1391.4512948336414,5.198962567103081
1013.0,99.33500000000001,14.060001584544667,-1391.4512948336414,5.198962567103081
1014.0,99.33500000000001,14.060001584544667,-1391.4512948336414,5.198962567103081
1015.0,99.325,14.060001584544667,-1391.4512948336414,5.058362551257687
1016.0,99.41047436626594,14.094075820889719,-1394.825666458892,6.273096649873878
1017.0,99.3855664720315,14.094075820889719,-1394.825666458892,5.922042899994949
1018.0,99.41715080313904,14.094075820889719,-1394.825666458892,6.367194857376717
1019.0,99.41541462387373,14.094075820889719,-1394.825666458892,6.342725015172846
1020.0,99.07,14.094075820889719,-1394.825666458892,1.4744251166523554
1021.0,99.37618078790373,15.09407582088972,-1493.865666458892,6.125941144171293
1022.0,99.4081808895742,15.09407582088972,-1493.865666458892,6.608953105061346
1023.0,99.39890942668565,15.09407582088972,-1493.865666458892,6.469008941251104
1024.0,99.03999999999999,15.09407582088972,-1493.865666458892,1.051602842025659
1025.0,99.35160031198137,14.45336863743379,-1430.3908057939132,5.57449823413549
1026.0,99.06,14.45336863743379,-1430.3908057939132,1.3598914302781395
1027.0,99.39577178883071,14.877744280853952,-1472.3821883004168,6.402686971923913
1028.0,99.40390933056551,14.877744280853952,-1472.3821883004168,6.5237552369289915
1029.0,99.335,14.877744280853952,-1472.3821883004168,5.498539838210263
1030.0,99.32,14.877744280853952,-1472.3821883004168,5.275373673997592
1031.0,99.41427685229307,15.508534103970508,-1534.8429965854182,6.926706399934801
1032.0,99.38455789786774,15.508534103970508,-1534.8429965854182,6.4658089816950906
1033.0,99.40002802813467,15.508534103970508,-1534.8429965854182,6.705728024532618
1034.0,99.41495968859009,15.508534103970508,-1534.8429965854182,6.937296189934386
1035.0,99.41223508283298,15.508534103970508,-1534.8429965854182,6.895041548630388
1036.0,99.05,15.508534103970508,-1534.8429965854182,1.2773064128605256
1037.0,99.39851025626893,15.810862251813823,-1564.737669473734,6.838484223637579
1038.0,99.37531026433149,15.810862251813823,-1564.737669473734,6.471672346871401
1039.0,99.3745655182467,15.810862251813823,-1564.737669473734,6.459897269112162
1040.0,99.05,15.810862251813823,-1564.737669473734,1.3282365684251545
1041.0,99.42165266941787,15.632193418482682,-1547.0351614672848,7.143343046260497
1042.0,99.42239752140716,15.632193418482682,-1547.0351614672848,7.154986716625217
1043.0,99.34,15.632193418482682,-1547.0351614672848,5.866932724784874
1044.0,99.37686383583414,16.144130829334433,-1597.7220845157165,6.631006658943534
1045.0,99.34841786426355,16.144130829334433,-1597.7220845157165,6.171771172340414
1046.0,99.05,16.144130829334433,-1597.7220845157165,1.3540741298591001
1047.0,99.315,15.92216029903541,-1575.7292443736892,5.580105725012572
1048.0,99.315,15.92216029903541,-1575.7292443736892,5.580105725012572
1049.0,99.345,15.92216029903541,-1575.7292443736892,6.0577705339835575
1050.0,99.05,15.92216029903541,-1575.7292443736892,1.3607332457681878
1051.0,99.39356781332916,15.492541714809548,-1533.1626350485908,6.6963604831628345
1052.0,99.07,15.492541714809548,-1533.1626350485908,1.6834726375909668
1053.0,99.42933382006261,16.350970214151754,-1618.1728993334034,7.593176371392019
1054.0,99.07,16.350970214151754,-1618.1728993334034,1.7177197826108568
1055.0,99.07,16.203870318779007,-1603.595299701964,1.7221327794720764
1056.0,99.03999999999999,16.900059348132697,-1672.5276325109146,1.25424532814759
1057.0,99.07,16.027802933611824,-1586.1131895243318,1.761247108591533
1058.0,99.38160516872405,16.84600075313617,-1667.1365934391945,7.046002081012375
1059.0,99.406552632466,16.84600075313617,-1667.1365934391945,7.466267073998097
1060.0,99.375,16.84600075313617,-1667.1365934391945,6.934731403712476
1061.0,99.36,16.84600075313617,-1667.1365934391945,6.682041392415385
1062.0,99.07,16.84600075313617,-1667.1365934391945,1.7967011740058751
1063.0,99.46917783429521,17.63283799944902,-1745.052164548798,8.871734141714796
1064.0,99.4535331588239,17.63283799944902,-1745.052164548798,8.595874113575292
1065.0,99.45874619451617,17.63283799944902,-1745.052164548798,8.687794727422443
1066.0,99.46625266410611,17.63283799944902,-1745.052164548798,8.820155089649461
1067.0,99.44804137560627,17.63283799944902,-1745.052164548798,8.499038389770703
1068.0,99.45247100152528,17.63283799944902,-1745.052164548798,8.577145265998752
1069.0,99.41829211211406,17.63283799944902,-1745.052164548798,7.974474446009708
1070.0,99.02,17.63283799944902,-1745.052164548798,0.9514541566438766
1071.0,99.39,17.326824236475662,-1714.7415013262869,7.37155953702927
1072.0,99.06,17.326824236475662,-1714.7415013262869,1.6537075389921938
1073.0,99.08,16.65648380941647,-1648.3174684089915,2.0069474279923725
1074.0,99.355,17.485947805495005,-1730.4730081808752,6.843336034081176
1075.0,99.41675418758453,18.485947805495005,-1829.4730081808752,8.339920722539318
1076.0,99.39500000000001,18.485947805495005,-1829.4730081808752,7.937773946300922
1077.0,99.05,18.485947805495005,-1829.4730081808752,1.560121953405087
1078.0,99.45652451699588,18.82762610237091,-1863.276427125207,9.253829922077102
1079.0,99.4595290060658,18.82762610237091,-1863.276427125207,9.310397318914056
1080.0,99.46209583497314,18.82762610237091,-1863.276427125207,9.358724613850427
1081.0,99.395,18.82762610237091,-1863.276427125207,8.095469319949643
1082.0,99.375,18.82762610237091,-1863.276427125207,7.718916797902239
1083.0,99.405,19.69380820420539,-1949.0284552068204,8.634549332216466
1084.0,99.04499999999999,19.69380820420539,-1949.0284552068204,1.5447783787021763
1085.0,99.47664513082378,19.045411327448686,-1884.7917766265336,9.781847364650957
1086.0,99.49514963605817,19.045411327448686,-1884.7917766265336,10.134273278250703
1087.0,99.50907491045551,19.045411327448686,-1884.7917766265336,10.399485856995625
1088.0,99.53022646674042,19.045411327448686,-1884.7917766265336,10.80232594665722
1089.0,99.54444545436037,19.045411327448686,-1884.7917766265336,11.07313241453926
1090.0,99.56913403462548,19.045411327448686,-1884.7917766265336,11.543336580778941
1091.0,99.59355987756679,19.045411327448686,-1884.7917766265336,12.008536806615894
1092.0,99.56659215868987,19.045411327448686,-1884.7917766265336,11.494925508042115
1093.0,99.56788356033427,19.045411327448686,-1884.7917766265336,11.519520783548387
1094.0,99.5625382199815,19.045411327448686,-1884.7917766265336,11.417716577844885
1095.0,99.56137101759667,19.045411327448686,-1884.7917766265336,11.395486728323249
1096.0,99.54498840918833,19.045411327448686,-1884.7917766265336,11.08347321256997
1097.0,99.5411402835048,19.045411327448686,-1884.7917766265336,11.010184076087398
1098.0,99.55920845107438,19.045411327448686,-1884.7917766265336,11.354299759383366
1099.0,99.51711471560026,19.045411327448686,-1884.7917766265336,10.552607252969892
1100.0,99.52248719627607,19.045411327448686,-1884.7917766265336,10.654928357289464
1101.0,99.53679262891515,19.045411327448686,-1884.7917766265336,10.927381206117843
1102.0,99.55353260616353,19.045411327448686,-1884.7917766265336,11.246200958425334
1103.0,99.533468117525,19.045411327448686,-1884.7917766265336,10.864064519229714
1104.0,99.51778946887097,19.045411327448686,-1884.7917766265336,10.56545820655515
1105.0,99.52504348261019,19.045411327448686,-1884.7917766265336,10.703613881993533
1106.0,99.53975313552415,19.045411327448686,-1884.7917766265336,10.983765272223991
1107.0,99.53678507430443,19.045411327448686,-1884.7917766265336,10.927237325449369
1108.0,99.52118880920217,19.045411327448686,-1884.7917766265336,10.630200041404805
1109.0,99.54665691657763,19.045411327448686,-1884.7917766265336,11.115250622102167
1110.0,99.56158928279181,19.045411327448686,-1884.7917766265336,11.39964367874336
1111.0,99.5354355504503,19.045411327448686,-1884.7917766265336,10.901535088551327
1112.0,99.53415463023639,19.045411327448686,-1884.7917766265336,10.877139436199514
1113.0,99.52684171542924,19.045411327448686,-1884.7917766265336,10.737861965694947
1114.0,99.52726522675832,19.045411327448686,-1884.7917766265336,10.745927913158994
1115.0,99.54158916241208,19.045411327448686,-1884.7917766265336,11.018733159512749
1116.0,99.54665217878303,19.045411327448686,-1884.7917766265336,11.115160388855202
1117.0,99.5246929729764,19.045411327448686,-1884.7917766265336,10.696938281843586
1118.0,99.11500000000001,19.045411327448686,-1884.7917766265336,2.8941670935430466
1119.0,99.56311106291581,19.30773501386393,-1910.7508174641132,11.587348094569506
1120.0,99.5485871774767,19.30773501386393,-1910.7508174641132,11.306924763139705
1121.0,99.54103699300678,19.30773501386393,-1910.7508174641132,11.161147802088635
1122.0,99.55242452883468,19.30773501386393,-1910.7508174641132,11.381015326314355
1123.0,99.14,19.30773501386393,-1910.7508174641132,3.4180318103567515
1124.0,99.57570806490745,18.409391069056483,-1821.6620484575585,11.466102287524109
1125.0,99.56710748032262,18.409391069056483,-1821.6620484575585,11.30777076247955
1126.0,99.55030648128047,18.409391069056483,-1821.6620484575585,10.998474600761938
1127.0,99.55969210193302,18.409391069056483,-1821.6620484575585,11.171258161780543
1128.0,99.58540433064361,18.409391069056483,-1821.6620484575585,11.644604635370797
1129.0,99.61046265697864,18.409391069056483,-1821.6620484575585,12.10591316440832
1130.0,99.61371369067969,18.409391069056483,-1821.6620484575585,12.165762715189658
1131.0,99.60618758531598,18.409391069056483,-1821.6620484575585,12.027211698322162
1132.0,99.60695954829373,18.409391069056483,-1821.6620484575585,12.041423066670404
1133.0,99.63993817235493,18.409391069056483,-1821.6620484575585,12.648539453932472
1134.0,99.66546564564624,18.409391069056483,-1821.6620484575585,13.118484692756965
1135.0,99.67043532184415,18.409391069056483,-1821.6620484575585,13.209973405371102
1136.0,99.67109896061727,18.409391069056483,-1821.6620484575585,13.222190591073968
1137.0,99.70937980325796,18.409391069056483,-1821.6620484575585,13.9269175936995
1138.0,99.70474402024637,18.409391069056483,-1821.6620484575585,13.84157565132773
1139.0,99.71997735117462,18.409391069056483,-1821.6620484575585,14.12201199767037
1140.0,99.7351127648472,18.409391069056483,-1821.6620484575585,14.400645746960663
1141.0,99.72177803202902,18.409391069056483,-1821.6620484575585,14.155161435709488
1142.0,99.71859786968191,18.409391069056483,-1821.6620484575585,14.0966165833986
1143.0,99.69756106994876,18.409391069056483,-1821.6620484575585,13.709341910269586
1144.0,99.68901198512505,18.409391069056483,-1821.6620484575585,13.551958464467134
1145.0,99.68849794458639,18.409391069056483,-1821.6620484575585,13.542495291165551
1146.0,99.7160620630581,18.409391069056483,-1821.6620484575585,14.049933927585244
1147.0,99.72032642053144,18.409391069056483,-1821.6620484575585,14.128438151970158
1148.0,99.76012446638181,18.409391069056483,-1821.6620484575585,14.861095941813801
1149.0,99.75779732359283,18.409391069056483,-1821.6620484575585,14.818254660137882
1150.0,99.71914348832964,18.409391069056483,-1821.6620484575585,14.106661090459056
1151.0,99.7196082438638,18.409391069056483,-1821.6620484575585,14.115216956839049
1152.0,99.72905078042122,18.409391069056483,-1821.6620484575585,14.289048305008237
1153.0,99.69233184448099,18.409391069056483,-1821.6620484575585,13.613075053644934
1154.0,99.66592783866015,18.409391069056483,-1821.6620484575585,13.126993384699517
1155.0,99.68070868870821,18.409391069056483,-1821.6620484575585,13.399099833567334
1156.0,99.68161004029197,18.409391069056483,-1821.6620484575585,13.415693167363543
1157.0,99.69494159125858,18.409391069056483,-1821.6620484575585,13.661118902664839
1158.0,99.65237504065385,18.409391069056483,-1821.6620484575585,12.877494626121688
1159.0,99.67688443358905,18.409391069056483,-1821.6620484575585,13.328697625530822
1160.0,99.71060663400229,18.409391069056483,-1821.6620484575585,13.949502800647224
1161.0,99.71309271683373,18.409391069056483,-1821.6620484575585,13.99527007172128
1162.0,99.66666810155512,18.409391069056483,-1821.6620484575585,13.140621173826958
1163.0,99.65283637264987,18.409391069056483,-1821.6620484575585,12.885987467249151
1164.0,99.66789198906223,18.409391069056483,-1821.6620484575585,13.163152197569843
1165.0,99.64500908850295,18.409391069056483,-1821.6620484575585,12.741891932379758
1166.0,99.595,18.409391069056483,-1821.6620484575585,11.821255065121932
1167.0,99.57,19.409391069056483,-1920.9220484575585,11.671020288395312
1168.0,99.28,19.409391069056483,-1920.9220484575585,6.042296878369143
1169.0,99.6591176244976,19.29685250645931,-1909.7458438060332,13.361449917776326
1170.0,99.6303533568185,19.29685250645931,-1909.7458438060332,12.806390086916508
1171.0,99.28,19.29685250645931,-1909.7458438060332,6.045673035247091
1172.0,99.63481399729308,19.735575586420353,-1953.2821049818044,13.06829770070567
1173.0,99.62173159985747,19.735575586420353,-1953.2821049818044,12.810109057263617
1174.0,99.62426469662933,19.735575586420353,-1953.2821049818044,12.860101180072434
1175.0,99.58500000000001,19.735575586420353,-1953.2821049818044,12.085189791866696
1176.0,99.26,19.735575586420353,-1953.2821049818044,5.6711277262800195
1177.0,99.64785090915932,19.981470853597465,-1977.6811805950051,13.42944796998745
1178.0,99.65069323343049,19.981470853597465,-1977.6811805950051,13.48624178956834
1179.0,99.625,19.981470853597465,-1977.6811805950051,12.972853194642312
1180.0,99.57499999999999,19.981470853597465,-1977.6811805950051,11.973779651962104
1181.0,99.25,19.981470853597465,-1977.6811805950051,5.479801624543143
1182.0,99.61574963055632,19.77799235650174,-1957.4787236545576,12.720811125776436
1183.0,99.28999999999999,19.77799235650174,-1957.4787236545576,6.2781374225000945
1184.0,99.59929283097652,19.77799235650174,-1957.4787236545576,12.395328669474793
1185.0,99.58112692324197,19.77799235650174,-1957.4787236545576,12.036043485151822
1186.0,99.595,19.77799235650174,-1957.4787236545576,12.310425091233355
1187.0,99.535,20.0,-1979.5107621953248,11.189237804675031
1188.0,99.525,20.0,-1979.5107621953248,10.989237804675213
1189.0,99.52911085610818,20.0,-1979.5107621953248,11.071454926838669
1190.0,99.49019007278913,20.0,-1979.5107621953248,10.293039260457817
1191.0,99.48500000000001,20.0,-1979.5107621953248,10.189237804675486
1192.0,99.48500000000001,20.0,-1979.5107621953248,10.189237804675486
1193.0,99.45882642062455,20.0,-1979.5107621953248,9.665766217166038
1194.0,99.48271935544687,20.0,-1979.5107621953248,10.143624913612712
1195.0,99.48959744722355,20.0,-1979.5107621953248,10.281186749146173
1196.0,99.4949934006611,20.0,-1979.5107621953248,10.389105817897189
1197.0,99.49598739752534,20.0,-1979.5107621953248,10.40898575518213
1198.0,99.47550072457652,20.0,-1979.5107621953248,9.999252296205668
1199.0,99.485,20.0,-1979.5107621953248,10.189237804675258
1200.0,99.47999999999999,20.0,-1979.5107621953248,10.089237804675122
1201.0,99.46000000000001,20.0,-1979.5107621953248,9.689237804675486
1202.0,99.425,20.0,-1979.5107621953248,8.989237804675213
1203.0,99.49974574204506,20.0,-1979.5107621953248,10.484152645576614
1204.0,99.50388109861717,20.0,-1979.5107621953248,10.566859777018635
1205.0,99.47999999999999,20.0,-1979.5107621953248,10.089237804675122
1206.0,99.475,20.0,-1979.5107621953248,9.989237804675213
1207.0,99.46000000000001,20.0,-1979.5107621953248,9.689237804675486
1208.0,99.50891432241394,20.0,-1979.5107621953248,10.667524252954081
1209.0,99.485,19.909659637424618,-1970.5499016314725,10.16258739771547
1210.0,99.195,19.909659637424618,-1970.5499016314725,4.388786102862241
1211.0,99.5,19.374363716860454,-1917.4378403930962,10.311349434519116
1212.0,99.5,19.374363716860454,-1917.4378403930962,10.311349434519116
1213.0,99.5640276922314,20.0,-1979.4884469548763,11.792106889751949
1214.0,99.55721246445329,20.0,-1979.4884469548763,11.655802334189502
1215.0,99.555,19.27739242718565,-1907.7768714287802,11.383931659687278
1216.0,99.53999999999999,19.27739242718565,-1907.7768714287802,11.094770773279151
1217.0,99.25,19.27739242718565,-1907.7768714287802,5.504326969395606
1218.0,99.63173226115417,19.27739242718565,-1907.7768714287802,12.86312956978145
1219.0,99.62616515231119,19.27739242718565,-1907.7768714287802,12.755810227930397
1220.0,99.60507342466464,19.27739242718565,-1907.7768714287802,12.349216717120498
1221.0,99.565,19.27739242718565,-1907.7768714287802,11.576705583958983
1222.0,99.29499999999999,19.27739242718565,-1907.7768714287802,6.371809628618621
1223.0,99.28,19.15330239435981,-1895.4522493685176,6.0876123435241425
1224.0,99.61485611550508,20.0,-1979.4869867283066,12.810135581794839
1225.0,99.63,20.0,-1979.4869867283066,13.113013271693262
1226.0,99.58500000000001,20.0,-1979.4869867283066,12.213013271693626
1227.0,99.62140345375921,20.0,-1979.4869867283066,12.941082346877693
1228.0,99.59,20.0,-1979.4869867283066,12.313013271693535
1229.0,99.62419349693981,20.0,-1979.4869867283066,12.996883210489614
1230.0,99.65344608833418,20.0,-1979.4869867283066,13.581935038376969
1231.0,99.64212348568576,20.0,-1979.4869867283066,13.355482985408571
1232.0,99.62997901755018,20.0,-1979.4869867283066,13.112593622696977
1233.0,99.65620463169031,20.0,-1979.4869867283066,13.637105905499766
1234.0,99.68055787353983,20.0,-1979.4869867283066,14.124170742489923
1235.0,99.66669267152986,20.0,-1979.4869867283066,13.846866702290527
1236.0,99.6949383572447,20.0,-1979.4869867283066,14.411780416587362
1237.0,99.36,19.92863059013552,-1972.3950084700732,7.7137269657919205
1238.0,99.33500000000001,19.77017092451325,-1956.6457023038759,7.224226482647737
1239.0,99.65809277639688,19.77017092451325,-1956.6457023038759,13.611825896489563
1240.0,99.66523952761848,19.77017092451325,-1956.6457023038759,13.7531183896956
1241.0,99.66403071869465,19.77017092451325,-1956.6457023038759,13.729220030656279
1242.0,99.67171593519059,19.77017092451325,-1956.6457023038759,13.881158074372934
1243.0,99.66,19.77017092451325,-1956.6457023038759,13.649532033114383
1244.0,99.66681043797806,20.0,-1979.4746243719749,13.861584387586163
1245.0,99.65863323213229,20.0,-1979.4746243719749,13.698040270670845
1246.0,99.66302417191525,20.0,-1979.4746243719749,13.785859066330204
1247.0,99.655,20.0,-1979.4746243719749,13.62537562802504
1248.0,99.64500000000001,20.0,-1979.4746243719749,13.425375628025222
1249.0,99.64500000000001,20.0,-1979.4746243719749,13.425375628025222
1250.0,99.65515219170776,20.0,-1979.4746243719749,13.628419462180318
1251.0,99.6392760124177,19.143108129850525,-1894.3424170726246,13.063017613108968
1252.0,99.655,19.143108129850525,-1894.3424170726246,13.364023607629406
1253.0,99.66,19.143108129850525,-1894.3424170726246,13.459739148278686
1254.0,99.67500000000001,19.143108129850525,-1894.3424170726246,13.746885770226754
1255.0,99.64,19.143108129850525,-1894.3424170726246,13.076876985681793
1256.0,99.64,19.143108129850525,-1894.3424170726246,13.076876985681793
1257.0,99.35499999999999,19.143108129850525,-1894.3424170726246,7.621091168674184
1258.0,99.405,18.33529268756816,-1814.0617184186033,8.55805118910962
1259.0,99.39500000000001,18.472885443374945,-1827.6925661284718,8.419882515781183
1260.0,99.4,17.961375015977573,-1776.8381994366248,8.522477151546127
1261.0,99.67,17.532087197215795,-1734.154111617141,13.269019329357207
1262.0,99.41,17.532087197215795,-1734.154111617141,8.710676658080956
1263.0,99.68125547874607,18.532087197215795,-1833.5341116171412,13.767606842925488
1264.0,99.63,18.532087197215795,-1833.5341116171412,12.81773584146822
1265.0,99.655,18.532087197215795,-1833.5341116171412,13.2810380213989
1266.0,99.64,18.532087197215795,-1833.5341116171412,13.003056713440628
1267.0,99.675,19.532087197215795,-1932.894111617141,13.966679765343088
1268.0,99.39,19.532087197215795,-1932.894111617141,8.400034914136768
1269.0,99.71640883321247,19.261286952131822,-1905.9711512508925,14.695213121705137
1270.0,99.71925933168804,19.261286952131822,-1905.9711512508925,14.750117390799687
1271.0,99.405,19.261286952131822,-1905.9711512508925,8.697078225771293
1272.0,99.68,18.410019854834456,-1821.3296637666153,13.781115363283334
1273.0,99.655,18.410019854834456,-1821.3296637666153,13.320864866912416
1274.0,99.655,18.410019854834456,-1821.3296637666153,13.320864866912416
1275.0,99.63499999999999,18.410019854834456,-1821.3296637666153,12.952664469815545
1276.0,99.37,18.410019854834456,-1821.3296637666153,8.074009208284679
1277.0,99.63,18.67337876278812,-1847.4581649759825,12.970561160597526
1278.0,99.62827957763461,19.320239851956977,-1911.7108769631252,13.131380514602597
1279.0,99.61539904642628,19.320239851956977,-1911.7108769631252,12.882525562236879
1280.0,99.33500000000001,19.320239851956977,-1911.7108769631252,7.465148731021145
1281.0,99.59,18.93179243013416,-1873.11474113081,12.30246698625092
1282.0,99.28,19.90821774717834,-1970.0640108601267,6.423847079739062
1283.0,99.315,19.793647727550447,-1958.6805552757112,7.125568785961377
1284.0,99.6283774622246,19.793647727550447,-1958.6805552757112,13.328451878988972
1285.0,99.34,19.793647727550447,-1958.6805552757112,7.620409979150281
1286.0,99.60906591634644,19.64018414095749,-1943.4236943848452,12.916702320971353
1287.0,99.61500000000001,19.64018414095749,-1943.4236943848452,13.03324881663525
1288.0,99.33500000000001,19.64018414095749,-1943.4236943848452,7.53399725716713
1289.0,99.61336354248526,19.64018414095749,-1943.4236943848452,13.001108489706894
1290.0,99.60499999999999,19.64018414095749,-1943.4236943848452,12.836846975225399
1291.0,99.315,19.64018414095749,-1943.4236943848452,7.141193574347881
1292.0,99.63136476350557,18.82822475179607,-1862.7590611747967,13.122666920661914
1293.0,99.6326261253133,18.82822475179607,-1862.7590611747967,13.1464161242709
1294.0,99.38,18.82822475179607,-1862.7590611747967,8.389914658696853
1295.0,99.34,17.86229541241307,-1766.7360255467324,7.7044007223819335
1296.0,99.57,17.12261835139062,-1693.234315992932,11.66479325503201
1297.0,99.32499999999999,17.12261835139062,-1693.234315992932,7.4697517589413565
1298.0,99.61357361664582,17.12261835139062,-1693.234315992932,12.41088766304847
1299.0,99.6074179030584,17.12261835139062,-1693.234315992932,12.30548572861062
1300.0,99.61597758322354,17.12261835139062,-1693.234315992932,12.452049865288245
1301.0,99.61500000000001,17.12261835139062,-1693.234315992932,12.43531108084494
1302.0,99.61966334355623,17.580675573247373,-1738.7423009844001,12.63868097478553
1303.0,99.6213532637258,17.580675573247373,-1738.7423009844001,12.668390913031317
1304.0,99.61,17.580675573247373,-1738.7423009844001,12.468792866770627
1305.0,99.35499999999999,18.237110669202035,-1803.9525634165363,7.995567122031616
1306.0,99.65307073271116,18.237110669202035,-1803.9525634165363,13.431516061735465
1307.0,99.66794783639898,18.237110669202035,-1803.9525634165363,13.702831448127426
1308.0,99.67124690066726,18.237110669202035,-1803.9525634165363,13.762996848292687
1309.0,99.65948750836047,18.237110669202035,-1803.9525634165363,13.548539509391276
1310.0,99.64680402135788,18.237110669202035,-1803.9525634165363,13.317229353253651
1311.0,99.375,18.237110669202035,-1803.9525634165363,8.360309335415877
1312.0,99.66593779902382,18.237110669202035,-1803.9525634165363,13.666174174067464
1313.0,99.68934151483126,18.237110669202035,-1803.9525634165363,14.092990329318127
1314.0,99.68998312210839,18.237110669202035,-1803.9525634165363,14.104691392237328
1315.0,99.64,18.237110669202035,-1803.9525634165363,13.193143662754437
1316.0,99.65951795801386,18.695066900004996,-1849.4550945091187,13.686260938199666
1317.0,99.63499999999999,18.695066900004996,-1849.4550945091187,13.22789607287882
1318.0,99.61500000000001,18.695066900004996,-1849.4550945091187,12.853994734879052
1319.0,99.61500000000001,18.695066900004996,-1849.4550945091187,12.853994734879052
1320.0,99.625,18.695066900004996,-1849.4550945091187,13.04094540387905
1321.0,99.625,18.695066900004996,-1849.4550945091187,13.04094540387905
1322.0,99.60499999999999,18.695066900004996,-1849.4550945091187,12.667044065878827
1323.0,99.625,18.695066900004996,-1849.4550945091187,13.04094540387905
1324.0,99.60499999999999,18.695066900004996,-1849.4550945091187,12.667044065878827
1325.0,99.625,18.695066900004996,-1849.4550945091187,13.04094540387905
1326.0,99.61,18.695066900004996,-1849.4550945091187,12.760519400378826
1327.0,99.615,18.695066900004996,-1849.4550945091187,12.853994734878825
1328.0,99.62,18.695066900004996,-1849.4550945091187,12.947470069379051
1329.0,99.6,18.695066900004996,-1849.4550945091187,12.573568731378828
1330.0,99.59,18.695066900004996,-1849.4550945091187,12.38661806237883
1331.0,99.54499999999999,18.695066900004996,-1849.4550945091187,11.545340051878384
1332.0,99.53,18.695066900004996,-1849.4550945091187,11.264914048378614
1333.0,99.58774356640008,19.695066900004996,-1948.7250945091187,12.66217745167296
1334.0,99.55407727595382,19.695066900004996,-1948.7250945091187,11.999117609058885
1335.0,99.5549571798238,19.695066900004996,-1948.7250945091187,12.016447374643803
1336.0,99.565,19.695066900004996,-1948.7250945091187,12.21424138987868
1337.0,99.61581251289957,20.0,-1978.9988526766226,13.317397581368596
1338.0,99.595,20.0,-1978.9988526766226,12.901147323377472
1339.0,99.57499999999999,20.0,-1978.9988526766226,12.501147323377154
1340.0,99.54499999999999,20.0,-1978.9988526766226,11.901147323377018
1341.0,99.60499999999999,20.0,-1978.9988526766226,13.10114732337729
1342.0,99.615,20.0,-1978.9988526766226,13.301147323377336
1343.0,99.61248365159828,20.0,-1978.9988526766226,13.250820355342967
1344.0,99.62348965428248,20.0,-1978.9988526766226,13.47094040902698
1345.0,99.596535758149,20.0,-1978.9988526766226,12.931862486357431
1346.0,99.55000000000001,20.0,-1978.9988526766226,12.001147323377609
1347.0,99.575,20.0,-1978.9988526766226,12.501147323377381
1348.0,99.575,20.0,-1978.9988526766226,12.501147323377381
1349.0,99.55758666885751,20.0,-1978.9988526766226,12.152880700527703
1350.0,99.555,19.553640103822147,-1934.6574605903147,12.005179945699183
1351.0,99.49546892633622,20.0,-1978.9765346818137,10.932843844910622
1352.0,99.49000000000001,20.0,-1978.9765346818137,10.823465318186436
1353.0,99.49000000000001,20.0,-1978.9765346818137,10.823465318186436
1354.0,99.475,20.0,-1978.9765346818137,10.523465318186254
1355.0,99.46038533821421,20.0,-1978.9765346818137,10.231172082470493
1356.0,99.46457911003394,20.0,-1978.9765346818137,10.315047518864958
1357.0,99.44561557561761,20.0,-1978.9765346818137,9.935776830538316
1358.0,99.45,20.0,-1978.9765346818137,10.023465318186254
1359.0,99.41979009148444,20.0,-1978.9765346818137,9.419267147875189
1360.0,99.44912809483102,20.0,-1978.9765346818137,10.006027214806863
1361.0,99.4432784118134,20.0,-1978.9765346818137,9.889033554454045
1362.0,99.455,20.0,-1978.9765346818137,10.123465318186163
1363.0,99.44,20.0,-1978.9765346818137,9.823465318186209
1364.0,99.47787695539039,20.0,-1978.9765346818137,10.581004425994024
1365.0,99.48397382231083,20.0,-1978.9765346818137,10.702941764402794
1366.0,99.49073978517691,20.0,-1978.9765346818137,10.83826102172452
1367.0,99.50733062990336,20.0,-1978.9765346818137,11.170077916253604
1368.0,99.405,19.68338688683192,-1947.5526831998816,9.074390285645222
1369.0,99.445,19.68338688683192,-1947.5526831998816,9.86172576111835
1370.0,99.435,19.68338688683192,-1947.5526831998816,9.664891892250353
1371.0,99.4912567124487,20.0,-1978.954371763892,10.870762485082196
1372.0,99.46000000000001,20.0,-1978.954371763892,10.24562823610836
1373.0,99.4653871428448,20.0,-1978.954371763892,10.35337109300417
1374.0,99.46823915333364,20.0,-1978.954371763892,10.410411302780858
1375.0,99.46067358025783,20.0,-1978.954371763892,10.259099841264742
1376.0,99.4920440668352,20.0,-1978.954371763892,10.886509572812201
1377.0,99.52506760215256,20.0,-1978.954371763892,11.546980279159243
1378.0,99.51428635263078,20.0,-1978.954371763892,11.331355288723671
1379.0,99.54635529874966,20.0,-1978.954371763892,11.97273421110117
1380.0,99.5517809292127,20.0,-1978.954371763892,12.081246820361912
1381.0,99.465,20.0,-1978.954371763892,10.345628236108269
1382.0,99.475,20.0,-1978.954371763892,10.545628236108087
1383.0,99.60739479910272,20.0,-1978.954371763892,13.193524218162565
1384.0,99.62174472723895,20.0,-1978.954371763892,13.480522780886986
1385.0,99.60868766828347,20.0,-1978.954371763892,13.219381601777286
1386.0,99.62284365308128,20.0,-1978.954371763892,13.502501297733716
1387.0,99.63072705211079,20.0,-1978.954371763892,13.660169278323792
1388.0,99.61039316477228,20.0,-1978.954371763892,13.253491531553664
1389.0,99.59327666053284,20.0,-1978.954371763892,12.911161446764936
1390.0,99.58766172173245,20.0,-1978.954371763892,12.79886267075699
1391.0,99.32499999999999,19.839902952657216,-1963.0487301103865,7.5496306622912925
1392.0,99.60878101420047,20.0,-1978.946366911525,13.229253372484436
1393.0,99.60752341986513,20.0,-1978.946366911525,13.204101485777528
1394.0,99.58756244153088,20.0,-1978.946366911525,12.804881919092395
1395.0,99.55000000000001,19.68423026545399,-1947.5778014817242,11.987321444220697
1396.0,99.55973285605677,20.0,-1978.9305784247974,12.264078696337947
1397.0,99.56,20.0,-1978.9305784247974,12.269421575202614
1398.0,99.55178678929127,20.0,-1978.9305784247974,12.105157361027977
1399.0,99.255,19.819082093779205,-1960.9600027998858,6.182990418169084
1400.0,99.48500000000001,19.066843490214534,-1886.2687083426745,10.596216281318675
1401.0,99.5,19.066843490214534,-1886.2687083426745,10.882218933671766
1402.0,99.5,19.066843490214534,-1886.2687083426745,10.882218933671766
1403.0,99.475,19.066843490214534,-1886.2687083426745,10.405547846416312
1404.0,99.46000000000001,19.066843490214534,-1886.2687083426745,10.119545194063221
1405.0,99.465,19.066843490214534,-1886.2687083426745,10.214879411514175
1406.0,99.405,19.066843490214534,-1886.2687083426745,9.070868802101359
1407.0,99.17500000000001,19.066843490214534,-1886.2687083426745,4.685494799352227
1408.0,99.40849743943738,19.00460801813583,-1880.0482916869778,9.171235821389018
1409.0,99.4002831232511,19.00460801813583,-1880.0482916869778,9.015125962131606
1410.0,99.39236924650788,19.00460801813583,-1880.0482916869778,8.864725836722982
1411.0,99.39500000000001,19.00460801813583,-1880.0482916869778,8.914722275633267
1412.0,99.195,19.00460801813583,-1880.0482916869778,5.113800672005709
1413.0,99.225,18.462782357582043,-1826.288349646831,5.68122978424708
1414.0,99.3993718144661,17.695581433815246,-1750.1436579629762,8.786020449988428
1415.0,99.16499999999999,17.695581433815246,-1750.1436579629762,4.638674921312486
1416.0,99.3923049394205,17.695581433815246,-1750.1436579629762,8.660967987136473
1417.0,99.40142362078795,17.695581433815246,-1750.1436579629762,8.822328355843183
1418.0,99.17500000000001,17.695581433815246,-1750.1436579629762,4.815630735650984
1419.0,99.14500000000001,17.587669692353842,-1739.4388132100048,4.290698438416939
1420.0,99.17500000000001,16.901346546066257,-1671.3761467926652,4.814896913456096
1421.0,99.375,15.911366936288914,-1573.1701695027527,8.021919790958009
1422.0,99.35,15.911366936288914,-1573.1701695027527,7.624135617550792
1423.0,99.215,15.911366936288914,-1573.1701695027527,5.47610108115191
1424.0,99.38044607737127,16.655004444268776,-1646.9187557946743,8.263015297357697
1425.0,99.195,16.655004444268776,-1646.9187557946743,5.174410054566806
1426.0,99.37532518794912,16.655004444268776,-1646.9187557946743,8.177726861273186
1427.0,99.39226409342152,16.655004444268776,-1646.9187557946743,8.459844407196897
1428.0,99.20500000000001,16.655004444268776,-1646.9187557946743,5.3409600990098625
1429.0,99.38562909234123,15.88131799317675,-1570.1458492528127,8.228930314576928
1430.0,99.215,15.88131799317675,-1570.1458492528127,5.519115440218684
1431.0,99.20500000000001,15.599348977924029,-1542.1417033298221,5.391712025131255
1432.0,99.37871218233603,15.599348977924029,-1542.1417033298221,8.10150897910762
1433.0,99.20500000000001,15.599348977924029,-1542.1417033298221,5.391712025131255
1434.0,99.36987483383145,16.556005199820724,-1637.022867417536,8.145297036912098
1435.0,99.37090926791804,16.556005199820724,-1637.022867417536,8.16242313302837
1436.0,99.185,16.556005199820724,-1637.022867417536,5.0845083266826805
1437.0,99.36500000000001,16.555442883862543,-1636.9670800513247,8.064502103677114
1438.0,99.345,16.555442883862543,-1636.9670800513247,7.73339324599965
1439.0,99.305,16.555442883862543,-1636.9670800513247,7.071175530645178
1440.0,99.32499999999999,16.555442883862543,-1636.9670800513247,7.402284388322187
1441.0,99.32,16.555442883862543,-1636.9670800513247,7.319507173903048
1442.0,99.32,16.555442883862543,-1636.9670800513247,7.319507173903048
1443.0,99.33500000000001,16.555442883862543,-1636.9670800513247,7.567838817161146
1444.0,99.3,16.555442883862543,-1636.9670800513247,6.988398316225812
1445.0,99.3,16.555442883862543,-1636.9670800513247,6.988398316225812
1446.0,99.36512988605348,17.555442883862543,-1736.1170800513246,8.281782310870312
1447.0,99.32175282228762,17.555442883862543,-1736.1170800513246,7.520278745459109
1448.0,99.34,17.555442883862543,-1736.1170800513246,7.840616031580566
1449.0,99.315,17.555442883862543,-1736.1170800513246,7.401729959483873
1450.0,99.31,17.555442883862543,-1736.1170800513246,7.313952745064626
1451.0,99.13499999999999,18.555442883862543,-1835.2170800513247,4.27675024038831
1452.0,99.35066670762968,19.555442883862543,-1934.3270800513249,8.519208223391388
1453.0,99.14500000000001,19.555442883862543,-1934.3270800513249,4.4973046692271055
1454.0,99.32754863496963,20.0,-1978.3915814028696,8.159391296522926
1455.0,99.33500000000001,20.0,-1978.3915814028696,8.30841859713064
1456.0,99.34,20.0,-1978.3915814028696,8.408418597130549
1457.0,99.3310229013925,20.0,-1978.3915814028696,8.22887662498033
1458.0,99.28602751811563,20.0,-1978.3915814028696,7.328968959443046
1459.0,99.30683278747901,20.0,-1978.3915814028696,7.74507434671068
1460.0,99.31517606071814,20.0,-1978.3915814028696,7.911939811493312
1461.0,99.35327077926418,20.0,-1978.3915814028696,8.673834182413884
1462.0,99.36,20.0,-1978.3915814028696,8.808418597130412
1463.0,99.345,20.0,-1978.3915814028696,8.508418597130458
1464.0,99.34342981210847,20.0,-1978.3915814028696,8.477014839299727
1465.0,99.11500000000001,19.68793966635745,-1947.457040528884,3.9130995021350827
1466.0,99.2703788875501,19.42564280367139,-1921.4373265455056,6.953594709164236
1467.0,99.289303369427,19.42564280367139,-1921.4373265455056,7.321214934349655
1468.0,99.08500000000001,19.42564280367139,-1921.4373265455056,3.3524906562743126
1469.0,99.34,18.9889248776383,-1878.1542128963658,8.205584448222908
1470.0,99.14500000000001,18.9889248776383,-1878.1542128963658,4.502744097083678
1471.0,99.11500000000001,18.053426809262014,-1785.3808694554896,3.984528744515046
1472.0,99.32632634259191,19.053426809262014,-1884.4708694554895,8.036019745959038
1473.0,99.35,19.053426809262014,-1884.4708694554895,8.487084044691528
1474.0,99.37,19.053426809262014,-1884.4708694554895,8.868152580876995
1475.0,99.17,19.053426809262014,-1884.4708694554895,5.057467219024375
1476.0,99.16499999999999,18.87512514913359,-1866.78334477075,4.968440643082431
1477.0,99.38499999999999,18.61228337665005,-1840.7120693581078,9.0697140302575
1478.0,99.37445457574074,19.00422082190988,-1879.5805058045248,8.953573009704769
1479.0,99.375,19.00422082190988,-1879.5805058045248,8.963938372769462
1480.0,99.35,19.00422082190988,-1879.5805058045248,8.488832852221549
1481.0,99.14500000000001,19.00422082190988,-1879.5805058045248,4.592967583730342
1482.0,99.185,18.553490990411163,-1834.8816284147972,5.3463754691340455
1483.0,99.3812370211203,18.704160323370516,-1849.806124771233,9.036465606686306
1484.0,99.16499999999999,18.704160323370516,-1849.806124771233,4.991933695803937
1485.0,99.36323738083641,18.704160323370516,-1849.806124771233,8.699797449053449
1486.0,99.34437274015808,18.704160323370516,-1849.806124771233,8.346950185363085
1487.0,99.35,18.704160323370516,-1849.806124771233,8.452203355627717
1488.0,99.35,18.704160323370516,-1849.806124771233,8.452203355627717
1489.0,99.35499999999999,18.704160323370516,-1849.806124771233,8.545724157244422
1490.0,99.34,18.704160323370516,-1849.806124771233,8.265161752394079
1491.0,99.33,18.704160323370516,-1849.806124771233,8.078120149160213
1492.0,99.305,18.704160323370516,-1849.806124771233,7.610516141076232
1493.0,99.13499999999999,18.704160323370516,-1849.806124771233,4.430808886102795
1494.0,99.50061469344662,19.001809895906312,-1879.306173905256,11.385591025438998
1495.0,99.52426603724922,19.001809895906312,-1879.306173905256,11.83500936415885
1496.0,99.50114575323236,19.001809895906312,-1879.306173905256,11.39568212253107
1497.0,99.5277505908117,19.001809895906312,-1879.306173905256,11.901222188525253
1498.0,99.50728336456679,19.001809895906312,-1879.306173905256,11.512307846322756
1499.0,99.52416065667275,19.001809895906312,-1879.306173905256,11.83300694247805
1500.0,99.52800178149111,19.001809895906312,-1879.306173905256,11.905995266062973
1501.0,99.54892324947255,19.001809895906312,-1879.306173905256,12.30354102338947
1502.0,99.54594898299041,19.001809895906312,-1879.306173905256,12.247024577116235
1503.0,99.54550701952124,19.001809895906312,-1879.306173905256,12.238626471294083
1504.0,99.5785104686401,19.001809895906312,-1879.306173905256,12.865751737359915
1505.0,99.58910833562625,19.001809895906312,-1879.306173905256,13.06713039113265
1506.0,99.55605774518614,19.001809895906312,-1879.306173905256,12.439109354642369
1507.0,99.57179909233045,19.001809895906312,-1879.306173905256,12.738223440584079
1508.0,99.57803376322435,19.001809895906312,-1879.306173905256,12.856693471673452
1509.0,99.58978908332023,19.001809895906312,-1879.306173905256,13.080065829400837
1510.0,99.60041072294847,19.001809895906312,-1879.306173905256,13.281896206399324
1511.0,99.60239449848869,19.001809895906312,-1879.306173905256,13.319591532090953
1512.0,99.62656084052276,19.001809895906312,-1879.306173905256,13.778795769301723
1513.0,99.63124028042344,19.001809895906312,-1879.306173905256,13.867713596713884
1514.0,99.63821008670178,19.001809895906312,-1879.306173905256,14.00015253062611
1515.0,99.62800381283563,19.001809895906312,-1879.306173905256,13.806214854875861
1516.0,99.6511688199325,19.001809895906312,-1879.306173905256,14.246391915967934
1517.0,99.375,19.001809895906312,-1879.306173905256,8.99868450043391
1518.0,99.6606493634997,19.947024832160494,-1973.210629063717,14.722818579251452
1519.0,99.65341586702736,19.947024832160494,-1973.210629063717,14.578531845494354
1520.0,99.6366376931687,19.947024832160494,-1973.210629063717,14.243857194897146
1521.0,99.65994480403009,19.947024832160494,-1973.210629063717,14.708764714015388
1522.0,99.375,19.947024832160494,-1973.210629063717,9.02496363223213
1523.0,99.66203682397199,19.947024832160494,-1973.210629063717,14.750494287745823
1524.0,99.66278242524155,19.947024832160494,-1973.210629063717,14.765366814784556
1525.0,99.58500000000001,19.947024832160494,-1973.210629063717,13.213838846985936
1526.0,99.61542990050538,20.0,-1978.4747714919288,13.83382651817874
1527.0,99.61236400941476,20.0,-1978.4747714919288,13.772508696366458
1528.0,99.59528940386197,20.0,-1978.4747714919288,13.431016585310545
1529.0,99.58910344481089,19.120936866898976,-1891.0783147990248,13.158644800275397
1530.0,99.4,19.120936866898976,-1891.0783147990248,9.542809770733584
1531.0,99.585,18.37361146710554,-1816.7792235515615,12.95687440014376
1532.0,99.56641526259668,19.37361146710554,-1916.1692235515616,12.791820918473604
1533.0,99.56998364417939,19.37361146710554,-1916.1692235515616,12.860953356823302
1534.0,99.555,19.37361146710554,-1916.1692235515616,12.570666056130676
1535.0,99.58000000000001,19.37361146710554,-1916.1692235515616,13.055006342808383
1536.0,99.62118080472153,19.422253915456473,-1921.0042829176443,13.863586029255657
1537.0,99.42500000000001,19.422253915456473,-1921.0042829176443,10.053312626615707
1538.0,99.60042987067277,19.310085560038,-1909.8455621458845,13.447260473371216
1539.0,99.595,19.310085560038,-1909.8455621458845,13.342409206100228
1540.0,99.41499999999999,19.310085560038,-1909.8455621458845,9.866593805293178
1541.0,99.55603321535213,19.20917571590997,-1899.7900211464892,12.599314466179521
1542.0,99.39500000000001,19.20917571590997,-1899.7900211464892,9.50599913638257
1543.0,99.36500000000001,18.899054051586354,-1868.9577252794352,8.946780556443173
1544.0,99.56907610525822,19.71763044802118,-1950.2751045012706,12.991142193106953
1545.0,99.545,19.71763044802118,-1950.2751045012706,12.516418446997704
1546.0,99.58204560307364,20.0,-1978.3285194903665,13.31239257110633
1547.0,99.56954104332421,20.0,-1978.3285194903665,13.062301376117603
1548.0,99.57,20.0,-1978.3285194903665,13.071480509633375
1549.0,99.5407966035042,20.0,-1978.3285194903665,12.487412579717557
1550.0,99.525,20.0,-1978.3285194903665,12.171480509633511
1551.0,99.545,20.0,-1978.3285194903665,12.571480509633602
1552.0,99.53999999999999,20.0,-1978.3285194903665,12.471480509633238
1553.0,99.53675876488633,20.0,-1978.3285194903665,12.406655807360039
1554.0,99.52806251986452,19.289570898685785,-1907.72607540176,12.127542983997955
1555.0,99.53783271247535,19.289570898685785,-1907.72607540176,12.316005807058445
1556.0,99.51,19.289570898685785,-1907.72607540176,11.779124726462442
1557.0,99.305,19.289570898685785,-1907.72607540176,7.8247626922320705
1558.0,99.29499999999999,19.374007221197257,-1916.0894636737582,7.6525833550231255
1559.0,99.48177295876312,19.241555368043457,-1902.9141667145154,11.269875782653344
1560.0,99.505,19.241555368043457,-1902.9141667145154,11.71680018264874
1561.0,99.35499999999999,19.241555368043457,-1902.9141667145154,8.830566877442152
1562.0,99.50999999999999,19.11150874665705,-1889.9901334811345,11.796101898708457
1563.0,99.505,19.563406014094856,-1934.8725700830573,11.784145349451137
1564.0,99.33500000000001,19.563406014094856,-1934.8725700830573,8.458366327055273
1565.0,99.515,19.11571881159395,-1890.368539943272,11.93221759249991
1566.0,99.5,19.11571881159395,-1890.368539943272,11.645481810326146
1567.0,99.51499999999999,19.11571881159395,-1890.368539943272,11.932217592499683
1568.0,99.58125069403508,20.0,-1978.204190387645,13.42082349305656
1569.0,99.59776974026721,20.0,-1978.204190387645,13.751204417699228
1570.0,99.535,19.912716234841575,-1969.5281841308977,12.484026304058489
1571.0,99.58975676648866,20.0,-1978.2015718746904,13.593563455082858
1572.0,99.57499999999999,20.0,-1978.2015718746904,13.298428125309329
1573.0,99.595,20.0,-1978.2015718746904,13.698428125309647
1574.0,99.57,20.0,-1978.2015718746904,13.19842812530942
1575.0,99.555,20.0,-1978.2015718746904,12.898428125309692
1576.0,99.57,20.0,-1978.2015718746904,13.19842812530942
1577.0,99.56,20.0,-1978.2015718746904,12.998428125309601
1578.0,99.5,20.0,-1978.2015718746904,11.798428125309556
1579.0,99.49000000000001,20.0,-1978.2015718746904,11.598428125309738
1580.0,99.49000000000001,20.0,-1978.2015718746904,11.598428125309738
1581.0,99.49000000000001,20.0,-1978.2015718746904,11.598428125309738
1582.0,99.46000000000001,20.0,-1978.2015718746904,10.998428125309829
1583.0,99.495,20.0,-1978.2015718746904,11.698428125309647
1584.0,99.47,20.0,-1978.2015718746904,11.198428125309647
1585.0,99.485,20.0,-1978.2015718746904,11.498428125309601
1586.0,99.485,20.0,-1978.2015718746904,11.498428125309601
1587.0,99.49631498031862,20.0,-1978.2015718746904,11.724727731681924
1588.0,99.51890438008155,20.0,-1978.2015718746904,12.176515726940579
1589.0,99.48,19.5122801318738,-1929.7417257776713,11.339901741134554
1590.0,99.5,19.5122801318738,-1929.7417257776713,11.730147343771932
1591.0,99.515,19.5122801318738,-1929.7417257776713,12.022831545750023
1592.0,99.57886105303623,19.759841439058626,-1954.33199042034,13.330514669706417
1593.0,99.59371040215945,19.759841439058626,-1954.33199042034,13.623935453854301
1594.0,99.62045598956033,19.759841439058626,-1954.33199042034,14.152424020090166
1595.0,99.375,19.759841439058626,-1954.33199042034,9.30225258611108
1596.0,99.62787442126816,19.69351033207549,-1947.7386783862164,14.283895891747534
1597.0,99.63176749346572,19.69351033207549,-1947.7386783862164,14.360564149293623
1598.0,99.60081644497478,19.69351033207549,-1947.7386783862164,13.751029356049003
1599.0,99.53,19.69351033207549,-1947.7386783862164,12.356404965257298
1600.0,99.375,19.69351033207549,-1947.7386783862164,9.303910863785404
1601.0,99.65762961356715,19.69958153250341,-1948.3268312253551,14.886768683137234
1602.0,99.66609760714815,19.69958153250341,-1948.3268312253551,15.053584613102657
1603.0,99.41499999999999,19.69958153250341,-1948.3268312253551,10.107066828471034
1604.0,99.63959830089226,19.69958153250341,-1948.3268312253551,14.531559368959961
1605.0,99.68571759142809,19.69958153250341,-1948.3268312253551,15.44009009309184
1606.0,99.68771352777429,19.69958153250341,-1948.3268312253551,15.479409203877594
1607.0,99.69738847666058,19.69958153250341,-1948.3268312253551,15.670001648285734
1608.0,99.73320736420487,19.69958153250341,-1948.3268312253551,16.375618743868245
1609.0,99.74918643520162,19.69958153250341,-1948.3268312253551,16.69039975578221
1610.0,99.7553839813087,19.69958153250341,-1948.3268312253551,16.812488820620047
1611.0,99.732344089992,19.69958153250341,-1948.3268312253551,16.35861260312663
1612.0,99.74417522412365,19.69958153250341,-1948.3268312253551,16.5916809945752
1613.0,99.78640298143411,19.69958153250341,-1948.3268312253551,17.4235501426474
1614.0,99.78500281258306,19.69958153250341,-1948.3268312253551,17.39596740220668
1615.0,99.78838901383463,19.69958153250341,-1948.3268312253551,17.462674149847544
1616.0,99.79909298097621,19.69958153250341,-1948.3268312253551,17.6735378232745
1617.0,99.80600237388695,19.69958153250341,-1948.3268312253551,17.80964997225965
1618.0,99.79462669472402,19.69958153250341,-1948.3268312253551,17.58555385310183
1619.0,99.78495977835559,19.69958153250341,-1948.3268312253551,17.395119645934074
1620.0,99.76114576511127,19.69958153250341,-1948.3268312253551,16.925993550411476
1621.0,99.7737402686251,19.69958153250341,-1948.3268312253551,17.17409999924371
1622.0,99.76012861215858,19.69958153250341,-1948.3268312253551,16.90595606288889
1623.0,99.7317700344314,19.69958153250341,-1948.3268312253551,16.34730394880671
1624.0,99.69547620390598,19.69958153250341,-1948.3268312253551,15.632330675244248
1625.0,99.7044773923181,19.69958153250341,-1948.3268312253551,15.809650320258015
1626.0,99.75295637857913,19.69958153250341,-1948.3268312253551,16.76466606272038
1627.0,99.76947632827374,19.69958153250341,-1948.3268312253551,17.09010215864214
1628.0,99.7649230594967,19.69958153250341,-1948.3268312253551,17.000404669129466
1629.0,99.78045278172917,19.69958153250341,-1948.3268312253551,17.306333698425078
1630.0,99.78838439553775,19.69958153250341,-1948.3268312253551,17.462583171331516
1631.0,99.74162438199959,19.69958153250341,-1948.3268312253551,16.541430472175534
1632.0,99.74340438938908,19.69958153250341,-1948.3268312253551,16.576495872873465
1633.0,99.73532686460416,19.69958153250341,-1948.3268312253551,16.417372014792136
1634.0,99.73067071712501,19.69958153250341,-1948.3268312253551,16.325647857899185
1635.0,99.69780633615908,19.69958153250341,-1948.3268312253551,15.678233305545518
1636.0,99.690498576744,19.69958153250341,-1948.3268312253551,15.534273503128361
1637.0,99.687793302401,19.69958153250341,-1948.3268312253551,15.480980730640795
1638.0,99.69760431067212,19.69958153250341,-1948.3268312253551,15.67425348799361
1639.0,99.6678963140821,19.69958153250341,-1948.3268312253551,15.08901838700126
1640.0,99.65209062064804,19.69958153250341,-1948.3268312253551,14.777652840519067
1641.0,99.68982035130703,19.69958153250341,-1948.3268312253551,15.520912745835403
1642.0,99.64,19.69958153250341,-1948.3268312253551,14.539472673284536
1643.0,99.5,19.69958153250341,-1948.3268312253551,11.781531258734049
1644.0,99.47,18.9211378094746,-1870.8561119095282,11.229465998910428
1645.0,99.66151989954417,19.257788959387057,-1904.3095348143186,14.950982782856727
1646.0,99.625,19.257788959387057,-1904.3095348143186,14.24769026461695
1647.0,99.64500000000001,19.257788959387057,-1904.3095348143186,14.632846043804875
1648.0,99.65999689374806,20.0,-1978.1521112449002,15.047826630060854
1649.0,99.63247840657743,20.0,-1978.1521112449002,14.497456886648479
1650.0,99.63,20.0,-1978.1521112449002,14.447888755099711
1651.0,99.635,20.0,-1978.1521112449002,14.547888755099848
1652.0,99.62,20.0,-1978.1521112449002,14.247888755099893
1653.0,99.61500000000001,20.0,-1978.1521112449002,14.147888755099984
1654.0,99.655,20.0,-1978.1521112449002,14.947888755099711
1655.0,99.61,20.0,-1978.1521112449002,14.047888755099848
1656.0,99.645,20.0,-1978.1521112449002,14.747888755099666
1657.0,99.61,20.0,-1978.1521112449002,14.047888755099848
1658.0,99.69664728299075,20.0,-1978.1521112449002,15.780834414914807
1659.0,99.67872868791186,20.0,-1978.1521112449002,15.422462513336995
1660.0,99.69067111800346,20.0,-1978.1521112449002,15.661311115169156
1661.0,99.71385563023189,20.0,-1978.1521112449002,16.125001359737553
1662.0,99.66499999999999,20.0,-1978.1521112449002,15.14788875509953
1663.0,99.67394784834619,20.0,-1978.1521112449002,15.326845722023563
1664.0,99.64,20.0,-1978.1521112449002,14.647888755099757
1665.0,99.62976483094499,20.0,-1978.1521112449002,14.44318537399954
1666.0,99.66401021293134,19.383002858722172,-1916.7485557449306,15.039239124033429
1667.0,99.615,19.383002858722172,-1916.7485557449306,14.089274026678368
1668.0,99.59811555596967,20.0,-1978.1397713020745,13.822539817319011
1669.0,99.56,19.129675177257656,-1891.5685611838935,12.98189946387879
1670.0,99.44,19.129675177257656,-1891.5685611838935,10.686338442607848
1671.0,99.63290547296535,19.129675177257656,-1891.5685611838935,14.37655748035013
1672.0,99.64143281247347,19.129675177257656,-1891.5685611838935,14.539682715266736
1673.0,99.63,19.129675177257656,-1891.5685611838935,14.320976726286744
1674.0,99.69591938279714,20.0,-1978.1658810467568,15.752506609185957
1675.0,99.7240168745381,20.0,-1978.1658810467568,16.314456444005145
1676.0,99.71042850331281,20.0,-1978.1658810467568,16.04268901949945
1677.0,99.72226714727825,20.0,-1978.1658810467568,16.279461898807995
1678.0,99.72350242882678,20.0,-1978.1658810467568,16.30416752977885
1679.0,99.73264499182054,20.0,-1978.1658810467568,16.487018789653803
1680.0,99.71485132383198,19.91678170279001,-1969.8814995595026,16.11742678342057
1681.0,99.75603911993373,19.91678170279001,-1969.8814995595026,16.937755127198216
1682.0,99.74728635344098,19.91678170279001,-1969.8814995595026,16.763428187666705
1683.0,99.72461629454818,19.91678170279001,-1969.8814995595026,16.3119135735094
1684.0,99.69942936522513,19.91678170279001,-1969.8814995595026,15.810271000418425
1685.0,99.71105312609284,19.91678170279001,-1969.8814995595026,16.04177890818596
1686.0,99.72076035496481,19.91678170279001,-1969.8814995595026,16.235115666568163
1687.0,99.68356810400714,19.91678170279001,-1969.8814995595026,15.49436572320883
1688.0,99.6543756268848,19.91678170279001,-1969.8814995595026,14.912945528999444
1689.0,99.66234446181917,19.91678170279001,-1969.8814995595026,15.071659074812942
1690.0,99.6884178961652,19.91678170279001,-1969.8814995595026,15.590957974925004
1691.0,99.69507395418441,19.91678170279001,-1969.8814995595026,15.723525229494498
1692.0,99.6880407625514,19.91678170279001,-1969.8814995595026,15.583446687065816
1693.0,99.72668174425246,19.91678170279001,-1969.8814995595026,16.353050684387426
1694.0,99.73676642929611,19.91678170279001,-1969.8814995595026,16.553905154943322
1695.0,99.74919082222668,19.91678170279001,-1969.8814995595026,16.80135907673116
1696.0,99.77552925310314,19.91678170279001,-1969.8814995595026,17.325935854891668
1697.0,99.76038244517672,19.91678170279001,-1969.8814995595026,17.024260187926984
1698.0,99.76207159223306,19.91678170279001,-1969.8814995595026,17.05790256111186
1699.0,99.74767764579535,19.91678170279001,-1969.8814995595026,16.771221472070465
1700.0,99.54499999999999,19.91678170279001,-1969.8814995595026,12.734535044728773
1701.0,99.555,19.849241955472248,-1963.1524060042127,12.938876872826995
1702.0,99.57499999999999,19.369794562529638,-1915.4090346149874,13.338258948901057
1703.0,99.73241762381096,18.681884967420203,-1846.8932389420877,16.296314628659957
1704.0,99.71606404426012,18.681884967420203,-1846.8932389420877,15.990798936685678
1705.0,99.69852021932498,18.681884967420203,-1846.8932389420877,15.66304721735878
1706.0,99.66,18.681884967420203,-1846.8932389420877,14.943416911009763
1707.0,99.68,18.681884967420203,-1846.8932389420877,15.317054610358355
1708.0,99.675,18.681884967420203,-1846.8932389420877,15.223645185521036
1709.0,99.69,18.681884967420203,-1846.8932389420877,15.50387346003231
1710.0,99.68,18.681884967420203,-1846.8932389420877,15.317054610358355
1711.0,99.57,18.681884967420203,-1846.8932389420877,13.262047263941668
1712.0,99.66723858864351,19.681884967420203,-1946.4432389420876,15.19588598001792
1713.0,99.65585078380245,19.681884967420203,-1946.4432389420876,14.971752515104527
1714.0,99.565,19.681884967420203,-1946.4432389420876,13.183637839104904
1715.0,99.71341056128134,19.465546479365887,-1924.8980889167583,16.077938979956798
1716.0,99.695,19.465546479365887,-1924.8980889167583,15.719567343623794
1717.0,99.67500000000001,19.465546479365887,-1924.8980889167583,15.33025641403674
1718.0,99.67500000000001,19.465546479365887,-1924.8980889167583,15.33025641403674
1719.0,99.53999999999999,19.465546479365887,-1924.8980889167583,12.702407639322018
1720.0,99.75998165989998,19.938378855625526,-1971.9519021563424,17.100406808997604
1721.0,99.685,19.938378855625526,-1971.9519021563424,15.605394066688177
1722.0,99.69525258637917,20.0,-1978.0862870788212,15.818764648762226
1723.0,99.71965869036814,20.0,-1978.0862870788212,16.306886728541485
1724.0,99.72815054633058,20.0,-1978.0862870788212,16.47672384779048
1725.0,99.73589262569392,20.0,-1978.0862870788212,16.631565435057155
1726.0,99.66,20.0,-1978.0862870788212,15.113712921178603
1727.0,99.69033433022123,20.0,-1978.0862870788212,15.720399525603398
1728.0,99.65,20.0,-1978.0862870788212,14.913712921178785
1729.0,99.65556670762233,20.0,-1978.0862870788212,15.025047073625274
1730.0,99.53999999999999,19.41330792199127,-1919.675223792272,12.725446762738784
1731.0,99.53999999999999,19.41110244982165,-1919.4556469830648,12.725490872182263
1732.0,99.47999999999999,19.408177354445645,-1919.1644244874294,11.561058732823085
1733.0,99.54499999999999,19.220933926918686,-1900.5337034484971,12.814164306623297
1734.0,99.63613640800668,19.220933926918686,-1900.5337034484971,14.565891183256554
1735.0,99.61500000000001,19.220933926918686,-1900.5337034484971,14.159629681508022
1736.0,99.595,19.220933926918686,-1900.5337034484971,13.7752110029694
1737.0,99.655,19.220933926918686,-1900.5337034484971,14.928467038584586
1738.0,99.56,19.220933926918686,-1900.5337034484971,13.102478315527378
1739.0,99.50999999999999,19.072994084661858,-1885.8018539565621,12.151787408139171
1740.0,99.71182319120847,20.0,-1978.029672473554,16.206791350615276
1741.0,99.69712380319751,20.0,-1978.029672473554,15.91280359039638
1742.0,99.74469594062664,20.0,-1978.029672473554,16.864246338978774
1743.0,99.76038397730923,20.0,-1978.029672473554,17.178007072630635
1744.0,99.73050079834286,20.0,-1978.029672473554,16.58034349330319
1745.0,99.73432909130983,20.0,-1978.029672473554,16.656909352642742
1746.0,99.69999999999999,20.0,-1978.029672473554,15.970327526445772
1747.0,99.705,20.0,-1978.029672473554,16.070327526445908
1748.0,99.69,20.0,-1978.029672473554,15.770327526445953
1749.0,99.77474188329673,20.0,-1978.029672473554,17.465165192380482
1750.0,99.74348690525017,19.66784399069582,-1944.9436123867645,16.79572715370705
1751.0,99.75626990486535,19.66784399069582,-1944.9436123867645,17.047141195871518
1752.0,99.74528701082069,19.66784399069582,-1944.9436123867645,16.831131349234965
1753.0,99.72252715488521,19.66784399069582,-1944.9436123867645,16.383494053445247
1754.0,99.705,19.66784399069582,-1944.9436123867645,16.038772705561996
1755.0,99.69,19.66784399069582,-1944.9436123867645,15.743755045701619
1756.0,99.69999999999999,19.66784399069582,-1944.9436123867645,15.94043348560831
1757.0,99.69,19.66784399069582,-1944.9436123867645,15.743755045701619
1758.0,99.69,19.66784399069582,-1944.9436123867645,15.743755045701619
1759.0,99.595,19.66784399069582,-1944.9436123867645,13.87530986658544
1760.0,99.76538410798537,18.979559804123877,-1876.3719116046607,17.131162454237483
1761.0,99.75483376079424,18.979559804123877,-1876.3719116046607,16.930921508769188
1762.0,99.78154085136863,18.979559804123877,-1876.3719116046607,17.43781033152004
1763.0,99.80369585336142,18.979559804123877,-1876.3719116046607,17.858302516802496
1764.0,99.7993720371567,18.979559804123877,-1876.3719116046607,17.776238388563115
1765.0,99.79367657771523,18.979559804123877,-1876.3719116046607,17.6681410754818
1766.0,99.675,18.979559804123877,-1876.3719116046607,15.415711871386748
1767.0,99.715,18.979559804123877,-1876.3719116046607,16.174894263551778
1768.0,99.6,18.979559804123877,-1876.3719116046607,13.992244886077287
1769.0,99.78487118731336,18.505458129436846,-1829.1419027723384,17.422852935738092
1770.0,99.79962046825533,18.505458129436846,-1829.1419027723384,17.69579513664894
1771.0,99.78050362444569,18.505458129436846,-1829.1419027723384,17.342029183962723
1772.0,99.7977795997081,18.505458129436846,-1829.1419027723384,17.661729020826442
1773.0,99.81690296967463,18.505458129436846,-1829.1419027723384,18.015615743035823
1774.0,99.80945616473451,18.505458129436846,-1829.1419027723384,17.877809206018355
1775.0,99.80073841027635,18.505458129436846,-1829.1419027723384,17.716483165910176
1776.0,99.78270640768758,18.505458129436846,-1829.1419027723384,17.382792697013883
1777.0,99.79556993105452,18.505458129436846,-1829.1419027723384,17.62083809007754
1778.0,99.79997626090386,18.505458129436846,-1829.1419027723384,17.70237924260914
1779.0,99.81660962686418,18.505458129436846,-1829.1419027723384,18.01018729993939
1780.0,99.79245473060146,18.505458129436846,-1829.1419027723384,17.563189878528874
1781.0,99.7979935225221,18.505458129436846,-1829.1419027723384,17.665687760503943
1782.0,99.77682948685784,18.505458129436846,-1829.1419027723384,17.274037584668804
1783.0,99.7744399737986,18.505458129436846,-1829.1419027723384,17.229818550801383
1784.0,99.73629466130771,18.505458129436846,-1829.1419027723384,16.523922067666945
1785.0,99.74674778334726,18.505458129436846,-1829.1419027723384,16.71736187989177
1786.0,99.73965486107907,18.505458129436846,-1829.1419027723384,16.586104103842672
1787.0,99.625,18.505458129436846,-1829.1419027723384,14.464363372807384
1788.0,99.75945155626275,19.04920333558688,-1883.2989253048818,17.039152036996484
1789.0,99.715,19.04920333558688,-1883.2989253048818,16.1923853031642
1790.0,99.63499999999999,19.04920333558688,-1883.2989253048818,14.668449036317043
1791.0,99.7191215373295,18.209559128536707,-1799.6199836302612,16.22125624947853
1792.0,99.69256765204776,18.209559128536707,-1799.6199836302612,15.737721705348122
1793.0,99.67986972477807,18.209559128536707,-1799.6199836302612,15.506498047921013
1794.0,99.555,18.209559128536707,-1799.6199836302612,13.232675411210721
1795.0,99.67452204522783,18.209559128536707,-1799.6199836302612,15.409119160950468
1796.0,99.69331894726034,18.209559128536707,-1799.6199836302612,15.751402459944757
1797.0,99.70500000000001,18.209559128536707,-1799.6199836302612,15.964109280491357
1798.0,99.695,18.209559128536707,-1799.6199836302612,15.782013689205769
1799.0,99.71630037939963,19.209559128536707,-1899.2299836302611,16.276184586743284
1800.0,99.72,19.209559128536707,-1899.2299836302611,16.347252667419298
1801.0,99.66,19.209559128536707,-1899.2299836302611,15.194679119706962
1802.0,99.69,18.77088007826241,-1855.506842689422,15.762192312557772
1803.0,99.64500000000001,19.22116504425156,-1900.359728151601,14.933262682845907
1804.0,99.72468650520707,19.180973227311302,-1896.3538097571657,16.462732201223844
1805.0,99.7440720119263,19.180973227311302,-1896.3538097571657,16.834565086603334
1806.0,99.695,19.180973227311302,-1896.3538097571657,15.893316139634408
1807.0,99.695,19.180973227311302,-1896.3538097571657,15.893316139634408
1808.0,99.71540624679973,19.243724459848224,-1902.6038325178429,16.29196969739951
1809.0,99.715,19.243724459848224,-1902.6038325178429,16.28415199592291
1810.0,99.6,19.243724459848224,-1902.6038325178429,14.071123683040014
1811.0,99.61500000000001,18.947471327417375,-1873.0910954650817,14.36126081560019
1812.0,99.57,18.006792947852958,-1779.3807152928746,13.555658524844375
1813.0,99.59,17.17953508512014,-1696.9941047433133,13.91579438380154
1814.0,99.57499999999999,17.47738455730144,-1726.625350549558,13.68521674373278
1815.0,99.68910060872399,17.47738455730144,-1726.625350549558,15.679396960624217
1816.0,99.70186570726595,17.47738455730144,-1726.625350549558,15.902497496753995
1817.0,99.575,17.47738455730144,-1726.625350549558,13.685216743733008
1818.0,99.61500000000001,16.47738455730144,-1627.0353505495582,14.359312126025088
1819.0,99.575,15.931218806535984,-1572.5930004010986,13.758112259722111
1820.0,99.68613356756849,16.481867645182046,-1627.410092288314,15.603567232288924
1821.0,99.66328032075447,16.481867645182046,-1627.410092288314,15.22690304303751
1822.0,99.61500000000001,16.481867645182046,-1627.410092288314,14.431153186495749
1823.0,99.71389372688722,16.978183982180724,-1676.834315114233,16.12651816047446
1824.0,99.63499999999999,16.978183982180724,-1676.834315114233,14.787045950343327
1825.0,99.64,16.32038055963674,-1611.2776260234994,14.885092938705384
1826.0,99.67500000000001,16.32038055963674,-1611.2776260234994,15.45630625829267
1827.0,99.62,16.32038055963674,-1611.2776260234994,14.558685327512649
1828.0,99.61500000000001,16.074505925097284,-1586.7811361843337,14.480771544232311
1829.0,99.65565010501312,16.074505925097284,-1586.7411361843338,15.17420189812151
1830.0,99.65,16.074505925097284,-1586.7411361843338,15.083379251610722
1831.0,99.64,16.074505925097284,-1586.7411361843338,14.922634192359737
1832.0,99.63499999999999,16.074505925097284,-1586.7411361843338,14.842261662734018
1833.0,99.57,17.074505925097284,-1686.3011361843337,13.807418777602834
1834.0,99.72766381180709,17.843589782385376,-1762.8634341773632,16.63608883616166
1835.0,99.63499999999999,17.843589782385376,-1762.8634341773632,14.982633790603586
1836.0,99.77440516525273,17.843589782385376,-1762.8634341773632,17.47012237291915
1837.0,99.79462358514297,17.843589782385376,-1762.8634341773632,17.83089156348865
1838.0,99.82872052983325,17.843589782385376,-1762.8634341773632,18.439303457374535
1839.0,99.82833676153095,17.843589782385376,-1762.8634341773632,18.432455653216948
1840.0,99.84672942282266,17.843589782385376,-1762.8634341773632,18.760646756312553
1841.0,99.83734938460694,17.843589782385376,-1762.8634341773632,18.593273202248156
1842.0,99.84909299444452,17.843589782385376,-1762.8634341773632,18.802821358754272
1843.0,99.8471190229349,17.843589782385376,-1762.8634341773632,18.76759862089466
1844.0,99.8582070767451,17.843589782385376,-1762.8634341773632,18.965449304568665
1845.0,99.85071059446588,17.843589782385376,-1762.8634341773632,18.83168514996737
1846.0,99.87211281731281,17.843589782385376,-1762.8634341773632,19.21357763487913
1847.0,99.88491299343268,17.843589782385376,-1762.8634341773632,19.44197872670452
1848.0,99.90646721963445,17.843589782385376,-1762.8634341773632,19.82658349712551
1849.0,99.87820729485485,17.843589782385376,-1762.8634341773632,19.322324992077256
1850.0,99.88039237124876,17.843589782385376,-1762.8634341773632,19.361314598893387
1851.0,99.90607526273352,17.843589782385376,-1762.8634341773632,19.819589578973137
1852.0,99.91562863680156,17.843589782385376,-1762.8634341773632,19.990056066880697
1853.0,99.93800891477149,17.843589782385376,-1762.8634341773632,20.389400566191853
1854.0,99.9551388837526,17.843589782385376,-1762.8634341773632,20.695060705675814
1855.0,99.95717369391248,17.843589782385376,-1762.8634341773632,20.731369023453908
1856.0,100.032302951449,17.843589782385376,-1762.8634341773632,22.071944675590657
1857.0,100.04267083108725,17.843589782385376,-1762.8634341773632,22.256944866768663
1858.0,100.0216615115609,17.843589782385376,-1762.8634341773632,21.882063187533277
1859.0,100.02575394177052,17.843589782385376,-1762.8634341773632,21.955086833406995
1860.0,100.02357885759578,17.843589782385376,-1762.8634341773632,21.91627552365071
1861.0,100.01579949660378,17.843589782385376,-1762.8634341773632,21.777463797340488
1862.0,100.0104407642054,17.843589782385376,-1762.8634341773632,21.681844774670253
1863.0,100.00969454280012,17.843589782385376,-1762.8634341773632,21.668529506027426
1864.0,99.99542617088949,17.843589782385376,-1762.8634341773632,21.41393053079173
1865.0,100.02757093985434,17.843589782385376,-1762.8634341773632,21.987508601850095
1866.0,100.01949054594792,17.843589782385376,-1762.8634341773632,21.843325367703756
1867.0,100.02862890779305,17.843589782385376,-1762.8634341773632,22.00638654775139
1868.0,100.02716110162967,17.843589782385376,-1762.8634341773632,21.980195616692072
1869.0,100.04800468822427,17.843589782385376,-1762.8634341773632,22.352120025479508
1870.0,100.05825995459635,17.843589782385376,-1762.8634341773632,22.535110791732222
1871.0,100.02777751920712,17.843589782385376,-1762.8634341773632,21.99119471907852
1872.0,100.02430276917167,17.843589782385376,-1762.8634341773632,21.929192704849584
1873.0,100.00550720933543,17.843589782385376,-1762.8634341773632,21.59381244540168
1874.0,99.977894220636,17.843589782385376,-1762.8634341773632,21.101097602383334
1875.0,99.9764197237082,17.843589782385376,-1762.8634341773632,21.074787284068407
1876.0,99.96606672394412,17.843589782385376,-1762.8634341773632,20.890052603260983
1877.0,99.9675749406307,17.843589782385376,-1762.8634341773632,20.91696460311914
1878.0,99.97920081501384,17.843589782385376,-1762.8634341773632,21.124411936473507
1879.0,99.97801083135613,17.843589782385376,-1762.8634341773632,21.10317835623755
1880.0,99.98674439481171,17.843589782385376,-1762.8634341773632,21.259016479877346
1881.0,99.99572726819297,17.843589782385376,-1762.8634341773632,21.419303187559535
1882.0,100.00304251436502,17.843589782385376,-1762.8634341773632,21.549833439410804
1883.0,99.98347167363903,17.843589782385376,-1762.8634341773632,21.200619385799882
1884.0,100.00789538502035,17.843589782385376,-1762.8634341773632,21.636426072651375
1885.0,100.02268540164053,17.843589782385376,-1762.8634341773632,21.900333062096706
1886.0,100.04111085846,17.843589782385376,-1762.8634341773632,22.229109355136416
1887.0,100.06501960019959,17.843589782385376,-1762.8634341773632,22.655727134950666
1888.0,100.05967450320259,17.843589782385376,-1762.8634341773632,22.56035141678899
1889.0,100.04537783568222,17.843589782385376,-1762.8634341773632,22.30524754630028
1890.0,100.05360730952678,17.843589782385376,-1762.8634341773632,22.452090901707606
1891.0,100.0248923935711,17.843589782385376,-1762.8634341773632,21.93971372075862
1892.0,100.03041048576615,17.843589782385376,-1762.8634341773632,22.03817629426885
1893.0,100.03157097818952,17.843589782385376,-1762.8634341773632,22.05888364501675
1894.0,100.05734272450917,17.843589782385376,-1762.8634341773632,22.51874411432027
1895.0,100.06665069811045,17.843589782385376,-1762.8634341773632,22.684831776966803
1896.0,100.08560909515984,17.843589782385376,-1762.8634341773632,23.0231176368477
1897.0,100.05596435214042,17.843589782385376,-1762.8634341773632,22.49414900320494
1898.0,100.08119374128552,17.843589782385376,-1762.8634341773632,22.944331873570263
1899.0,100.09847923546225,17.843589782385376,-1762.8634341773632,23.252767140845663
1900.0,100.12021557879424,17.843589782385376,-1762.8634341773632,23.64062153463101
1901.0,100.11273026557485,17.843589782385376,-1762.8634341773632,23.50705667615148
1902.0,100.11737334322787,17.843589782385376,-1762.8634341773632,23.589905849119532
1903.0,100.13493149181211,17.843589782385376,-1762.8634341773632,23.90320624979495
1904.0,100.17381589835797,17.843589782385376,-1762.8634341773632,24.59704364913091
1905.0,100.15055461101336,17.843589782385376,-1762.8634341773632,24.181978779943393
1906.0,100.12610856369298,17.843589782385376,-1762.8634341773632,23.745773539757693
1907.0,100.11691628917801,17.843589782385376,-1762.8634341773632,23.58175036414559
1908.0,100.12502502129254,17.843589782385376,-1762.8634341773632,23.726439253652643
1909.0,100.083371518027,17.843589782385376,-1762.8634341773632,22.983191228382793
1910.0,100.07740139819265,17.843589782385376,-1762.8634341773632,22.876662859107
1911.0,100.0771897924845,17.843589782385376,-1762.8634341773632,22.872887053655404
1912.0,100.0912837071192,17.843589782385376,-1762.8634341773632,23.12437308482481
1913.0,100.09302112429509,17.843589782385376,-1762.8634341773632,23.155374844192238
1914.0,100.05920434874444,17.843589782385376,-1762.8634341773632,22.551962173503625
1915.0,100.07397484389405,17.843589782385376,-1762.8634341773632,22.815520829835805
1916.0,100.13688956691773,17.843589782385376,-1762.8634341773632,23.938145338742743
1917.0,100.13781757365685,17.843589782385376,-1762.8634341773632,23.954704310310944
1918.0,100.13386404924896,17.843589782385376,-1762.8634341773632,23.884159242581745
1919.0,100.10587240644728,17.843589782385376,-1762.8634341773632,23.38468785109353
1920.0,100.11751459742858,17.843589782385376,-1762.8634341773632,23.592426331132174
1921.0,100.0865766599127,17.843589782385376,-1762.8634341773632,23.04038246538562
1922.0,100.04148909067695,17.843589782385376,-1762.8634341773632,22.235858375658154
1923.0,100.0242637739351,17.843589782385376,-1762.8634341773632,21.928496889844837
1924.0,100.02310771613313,17.843589782385376,-1762.8634341773632,21.90786866866165
1925.0,100.04418724324984,17.843589782385376,-1762.8634341773632,22.284003103339046
1926.0,100.03732561911166,17.843589782385376,-1762.8634341773632,22.16156709697634
1927.0,99.99433470106989,17.843589782385376,-1762.8634341773632,21.394454791070984
1928.0,99.9980748196783,17.843589782385376,-1762.8634341773632,21.461191933256714
1929.0,100.00394449344347,17.843589782385376,-1762.8634341773632,21.565927984079053
1930.0,100.02987332027395,17.843589782385376,-1762.8634341773632,22.028591333580607
1931.0,99.97128361701449,17.843589782385376,-1762.8634341773632,20.983140703147228
1932.0,100.0058033531757,17.843589782385376,-1762.8634341773632,21.599096714603775
1933.0,99.98599148459638,17.843589782385376,-1762.8634341773632,21.24558185885212
1934.0,100.02344408909026,17.843589782385376,-1762.8634341773632,21.913870769722735
1935.0,100.00328156333978,17.843589782385376,-1762.8634341773632,21.55409893125443
1936.0,99.98819992701141,17.843589782385376,-1762.8634341773632,21.284988399363783
1937.0,99.99282952798501,17.843589782385376,-1762.8634341773632,21.367597099992736
1938.0,100.01596787371423,17.843589782385376,-1762.8634341773632,21.780468249428168
1939.0,100.0605204963481,17.843589782385376,-1762.8634341773632,22.57544697143635
1940.0,100.08350801279767,17.843589782385376,-1762.8634341773632,22.98562678507824
1941.0,100.11508289222598,17.843589782385376,-1762.8634341773632,23.549035981025327
1942.0,100.11821289349867,17.843589782385376,-1762.8634341773632,23.6048864397535
1943.0,100.10193200877687,17.843589782385376,-1762.8634341773632,23.31437701148343
1944.0,100.11641322444305,17.843589782385376,-1762.8634341773632,23.572773883380933
1945.0,100.08785991332445,17.843589782385376,-1762.8634341773632,23.06328031285193
1946.0,100.10448136713599,17.843589782385376,-1762.8634341773632,23.359866716251872
1947.0,100.12199552168671,17.843589782385376,-1762.8634341773632,23.672382105440192
1948.0,100.11783719673734,17.843589782385376,-1762.8634341773632,23.598182660861767
1949.0,100.09693792038522,17.843589782385376,-1762.8634341773632,23.225264546885683
1950.0,100.07287485465173,17.843589782385376,-1762.8634341773632,22.79589307303081
1951.0,100.07392907196865,17.843589782385376,-1762.8634341773632,22.81470409437543
1952.0,100.10074535641326,17.843589782385376,-1762.8634341773632,23.293202873492874
1953.0,100.11399518700222,17.843589782385376,-1762.8634341773632,23.529627415208324
1954.0,100.1362662186495,17.843589782385376,-1762.8634341773632,23.927022567952918
1955.0,100.14441447914035,17.843589782385376,-1762.8634341773632,24.072416785591713
1956.0,100.13462372674793,17.843589782385376,-1762.8634341773632,23.897714616240364
1957.0,100.10141457547759,17.843589782385376,-1762.8634341773632,23.30514414395134
1958.0,100.1218357877433,17.843589782385376,-1762.8634341773632,23.669531878479575
1959.0,100.13947706217999,17.843589782385376,-1762.8634341773632,23.984315542766353
1960.0,100.09009322415456,17.843589782385376,-1762.8634341773632,23.103130595160792
1961.0,100.09833831759431,17.843589782385376,-1762.8634341773632,23.250252660217257
1962.0,100.10055859237889,17.843589782385376,-1762.8634341773632,23.28987033267731
1963.0,100.10339696868832,17.843589782385376,-1762.8634341773632,23.34051715519081
1964.0,100.1397735115375,17.843589782385376,-1762.8634341773632,23.989605263493104
1965.0,100.16572627397886,17.843589782385376,-1762.8634341773632,24.452695710216403
1966.0,100.16588178367208,17.843589782385376,-1762.8634341773632,24.455470561389347
1967.0,100.17507606749554,17.843589782385376,-1762.8634341773632,24.619529590278034
1968.0,100.16587664043124,17.843589782385376,-1762.8634341773632,24.455378787509517
1969.0,100.1273853909393,17.843589782385376,-1762.8634341773632,23.768556721363893
1970.0,100.17968572142887,17.843589782385376,-1762.8634341773632,24.70178236410311
1971.0,100.16778319279035,17.843589782385376,-1762.8634341773632,24.489398525704246
1972.0,100.14792564952063,17.843589782385376,-1762.8634341773632,24.13506866951343
1973.0,100.16449426388397,17.843589782385376,-1762.8634341773632,24.430712227475397
1974.0,100.17824287009404,17.843589782385376,-1762.8634341773632,24.676036716767385
1975.0,100.18598584909745,17.843589782385376,-1762.8634341773632,24.81419925779801
1976.0,100.19949046012876,17.843589782385376,-1762.8634341773632,25.05516999721135
1977.0,100.1823905789038,17.843589782385376,-1762.8634341773632,24.7500467313057
1978.0,100.19305748936587,17.843589782385376,-1762.8634341773632,24.940382705836328
1979.0,100.21828840970203,17.843589782385376,-1762.8634341773632,25.39059289814668
1980.0,100.26018341336119,17.843589782385376,-1762.8634341773632,26.138150157372365
1981.0,100.25682851237497,17.843589782385376,-1762.8634341773632,26.078286680413612
1982.0,100.27242241351456,17.843589782385376,-1762.8634341773632,26.3565378554556
1983.0,100.28827907683721,17.843589782385376,-1762.8634341773632,26.639477651102425
1984.0,100.31740202939285,17.843589782385376,-1762.8634341773632,27.159135669757006
1985.0,100.34083575718327,17.843589782385376,-1762.8634341773632,27.577277495521457
1986.0,100.31223043023937,17.843589782385376,-1762.8634341773632,27.066855775943395
1987.0,100.32413229672565,17.843589782385376,-1762.8634341773632,27.279227799169348
1988.0,100.3473815218031,17.843589782385376,-1762.8634341773632,27.694077434209703
1989.0,100.34073658416608,17.843589782385376,-1762.8634341773632,27.57550789288507
1990.0,100.31912133513713,17.843589782385376,-1762.8634341773632,27.189814256168347
1991.0,100.3559407388384,17.843589782385376,-1762.8634341773632,27.846804591845967
1992.0,100.32126825061466,17.843589782385376,-1762.8634341773632,27.22812293524703
1993.0,100.34443560541325,17.843589782385376,-1762.8634341773632,27.641511710615987
1994.0,100.35181452373664,17.843589782385376,-1762.8634341773632,27.773178102216207
1995.0,100.34555136326317,17.843589782385376,-1762.8634341773632,27.66142083598652
1996.0,100.37331212004695,17.843589782385376,-1762.8634341773632,28.156772392084804
1997.0,100.36245603789406,17.843589782385376,-1762.8634341773632,27.96306091550491
1998.0,100.3939671131292,17.843589782385376,-1762.8634341773632,28.525331615602454
1999.0,100.3868562426468,17.843589782385376,-1762.8634341773632,28.398448159718782
